1,900080,에스앤씨엔진그룹,20200709,197,197,197,197,0,0.00
2,900110,이스트아시아홀딩스,20200709,230,230,230,230,0,0.00
3,900270,헝셩그룹,20200709,731,742,726,742,400213,+1.64
4,900260,로스웰,20200709,376,383,376,381,483090,+0.53
5,900290,GRT,20200709,1490,1500,1465,1475,74662,+0.68
6,900300,오가닉티코스메틱,20200709,829,832,814,817,1099826,-1.33
7,900310,컬러레이,20200709,1630,1635,1600,1620,197070,+0.62
8,900340,윙입푸드,20200709,1580,1585,1545,1570,682643,0.00
9,000250,삼천당제약,20200709,36750,36750,36050,36300,139833,-0.41
10,000440,중앙에너비스,20200709,9160,9230,8950,9100,20030,-0.66
11,001000,신라섬유,20200709,2485,2515,2440,2505,684306,+2.24
12,001540,안국약품,20200709,12950,13350,12850,13250,188368,+2.71
13,001810,무림SP,20200709,1895,1910,1885,1905,38412,+0.53
14,001840,이화공영,20200709,4870,4990,4850,4910,369131,+2.51
15,002230,피에스텍,20200709,3990,4075,3950,4060,39975,+1.63
16,002290,삼일기업공사,20200709,2740,2805,2675,2775,122005,+2.97
17,002680,한탑,20200709,1820,1820,1785,1785,35350,-1.38
18,002800,신신제약,20200709,7490,7600,7350,7350,247162,-1.08
19,003100,선광,20200709,15700,15800,15650,15650,6431,-0.32
20,003310,대주산업,20200709,1230,1235,1205,1205,233206,-2.03
21,003380,하림지주,20200709,6800,6850,6740,6790,117569,-0.15
22,003800,에이스침대,20200709,43750,45000,43500,43750,2774,0.00
23,004590,한국가구,20200709,4375,4600,4375,4490,54833,+2.63
24,004650,창해에탄올,20200709,13200,13200,13000,13150,85021,-0.38
25,004780,대륙제관,20200709,4500,4525,4460,4480,75720,-0.55
26,005160,동국산업,20200709,2650,2935,2630,2755,9016471,+5.96
27,005290,동진쎄미켐,20200709,29100,29200,28050,28400,2512280,-1.22
28,005670,푸드웰,20200709,5100,5120,5020,5040,25517,-0.40
29,005710,대원산업,20200709,5140,5310,5050,5150,64336,+1.18
30,005860,한일사료,20200709,1880,1940,1855,1895,1039184,+0.80
31,005990,매일홀딩스,20200709,8730,8790,8660,8760,9117,+0.46
32,006050,국영지앤엠,20200709,2600,2615,2535,2545,848281,-1.93
33,006140,피제이전자,20200709,4850,4850,4760,4820,17422,-0.10
34,006580,대양제지,20200709,2645,2720,2640,2650,266080,0.00
35,006620,동구바이오제약,20200709,22850,23000,22400,22500,87566,-1.10
36,006730,서부T&D,20200709,7100,7130,6780,6810,552484,-3.68
37,006910,보성파워텍,20200709,1745,1780,1730,1755,1224607,+1.15
38,006920,모헨즈,20200709,4430,4430,4200,4310,464299,-2.71
39,007330,푸른저축은행,20200709,7870,7890,7780,7780,9463,+0.39
40,007370,진양제약,20200709,6350,6370,6110,6110,273194,-1.29
41,007390,네이처셀,20200709,9240,9250,9050,9120,348539,-0.65
42,007530,영신금속,20200709,1450,1620,1450,1580,611344,+8.97
43,007680,대원,20200709,9010,9250,8940,9010,31220,0.00
44,007720,대명소노시즌,20200709,1090,1100,1080,1080,252555,-0.92
45,007770,한일화학,20200709,9700,9890,9580,9770,8254,+0.72
46,007820,에스엠코어,20200709,8530,8680,8320,8340,403651,-1.88
47,008290,원풍물산,20200709,2115,2170,2095,2145,95213,+1.42
48,008370,원풍,20200709,4070,4070,3960,4025,8666,-0.25
49,008470,부스타,20200709,4385,4550,4385,4485,96095,+2.28
50,008800,행남사,20200709,1770,1770,1770,1770,0,0.00
51,008830,대동기어,20200709,2715,2780,2685,2770,7247,+2.03
52,009300,삼아제약,20200709,16300,16300,15850,16200,11525,0.00
53,009520,포스코엠텍,20200709,4960,4960,4830,4850,600309,-1.82
54,009620,삼보산업,20200709,720,744,715,720,275800,-1.23
55,009730,코센,20200709,266,268,255,263,4688398,-3.31
56,009780,엠에스씨,20200709,4270,4420,4270,4360,20500,+1.04
57,010170,대한광통신,20200709,3965,3965,3880,3895,2577626,-1.77
58,010240,흥국,20200709,4125,4240,4125,4160,82715,+1.34
59,010280,쌍용정보통신,20200709,1330,1350,1315,1350,151255,+1.50
60,010470,오리콤,20200709,4200,4220,4160,4180,15608,+0.12
61,011040,경동제약,20200709,9090,9150,8940,9150,152510,+0.77
62,011080,형지I&C,20200709,500,500,475,488,378380,-0.81
63,011320,유니크,20200709,8080,8160,7750,7750,1665582,-2.27
64,011370,서한,20200709,974,981,961,968,296386,-0.62
65,011560,세보엠이씨,20200709,5240,5240,5180,5210,7740,-0.57
66,012340,뉴인텍,20200709,1785,1810,1770,1775,418505,0.00
67,012620,원일특강,20200709,8430,8590,8400,8590,4949,+2.02
68,012700,리드코프,20200709,6220,6330,6180,6210,73719,+0.16
69,012790,신일제약,20200709,13450,13800,12950,13350,992408,0.00
70,012860,모베이스전자,20200709,1705,1740,1600,1620,1922199,-5.54
71,013030,하이록코리아,20200709,12950,13150,12900,13100,48654,+1.95
72,013120,동원개발,20200709,3335,3365,3330,3350,78950,+0.75
73,013310,아진산업,20200709,2540,2575,2465,2510,499955,0.00
74,013720,청보산업,20200709,2175,2470,2110,2235,748554,+2.76
75,013810,스페코,20200709,5720,5870,5630,5780,3604087,+3.58
76,013990,아가방컴퍼니,20200709,3000,3070,2985,2990,160822,0.00
77,014100,메디앙스,20200709,4195,4195,4195,4195,0,0.00
78,014190,원익큐브,20200709,1580,1670,1560,1580,548330,+1.28
79,014200,광림,20200709,1665,1740,1660,1660,615116,+2.79
80,014470,부방,20200709,2290,2515,2210,2220,13425740,+5.97
81,014570,고려제약,20200709,10850,11000,10750,11000,129159,+1.85
82,014620,성광벤드,20200709,6980,7000,6900,6930,91909,-0.43
83,014940,오리엔탈정공,20200709,1215,1390,1210,1240,3887665,+2.48
84,014970,삼륭물산,20200709,8210,8240,8060,8060,167985,-0.62
85,015710,코콤,20200709,5560,6110,5560,6110,346634,+9.69
86,015750,성우하이텍,20200709,2760,2775,2705,2715,312495,-1.81
87,016100,리더스코스메틱,20200709,4200,4240,4105,4130,76333,-1.67
88,016250,이테크건설,20200709,69100,70100,68800,69400,4419,-0.29
89,016600,큐캐피탈,20200709,586,594,580,583,260549,-0.85
90,016670,포비스티앤씨,20200709,1115,1135,1075,1125,1447475,+1.35
91,016790,현대사료,20200709,14850,14900,14400,14400,68726,-2.04
92,016920,카스,20200709,1440,1615,1440,1580,2641870,+10.10
93,017000,신원종합개발,20200709,3260,3980,3260,3700,703706,+12.12
94,017250,인터엠,20200709,1760,1800,1735,1740,40352,-0.85
95,017480,삼현철강,20200709,3530,3530,3470,3475,18185,-0.57
96,017510,세명전기,20200709,4190,4190,4085,4095,58859,-1.80
97,017650,대림제지,20200709,7670,7670,7400,7400,108974,-3.01
98,017890,한국알콜,20200709,15950,16200,15550,16150,1643329,+2.22
99,018000,유니슨,20200709,1680,1875,1675,1740,43507972,+5.45
100,018120,진로발효,20200709,29700,29800,29650,29700,1169,0.00
101,018290,브이티지엠피,20200709,9050,9050,8800,8870,348291,-0.22
102,018310,삼목에스폼,20200709,8250,8280,8140,8240,19869,+1.23
103,018620,우진비앤지,20200709,2790,2850,2725,2830,1063673,+1.62
104,018680,서울제약,20200709,9290,10500,9210,10500,1300895,+13.02
105,018700,바른손,20200709,2260,2260,2190,2235,142871,-0.22
106,019010,베뉴지,20200709,1460,1565,1445,1460,394706,+0.69
107,019210,와이지-원,20200709,4730,4755,4590,4635,199526,-1.49
108,019540,일지테크,20200709,3335,3360,3260,3290,87534,-1.35
109,019550,SBI인베스트먼트,20200709,768,851,767,810,15691557,+4.25
110,019570,리더스 기술투자,20200709,458,472,455,461,117192,+0.66
111,019590,엠벤처투자,20200709,920,933,907,924,367074,+0.65
112,019660,글로본,20200709,2235,2235,2150,2220,133127,-0.22
113,019770,서연탑메탈,20200709,2390,2405,2340,2370,66536,-0.84
114,019990,에너토크,20200709,3680,3680,3525,3625,28549,+0.97
115,020180,대신정보통신,20200709,1210,1210,1180,1210,472233,+0.83
116,020400,대동금속,20200709,8320,8800,8310,8550,10323,+2.27
117,020710,시공테크,20200709,5370,5460,5240,5320,53074,-0.75
118,021040,대호피앤씨,20200709,705,717,702,710,64076,0.00
119,021045,대호피앤씨우,20200709,1565,1640,1550,1550,153895,-1.27
120,021080,에이티넘인베스트,20200709,1640,1670,1625,1650,252835,+0.61
121,021320,KCC건설,20200709,6440,6470,6360,6370,24079,-0.62
122,021650,한국큐빅,20200709,2550,2630,2515,2570,283701,+0.98
123,021880,메이슨캐피탈,20200709,312,322,308,316,550356,+1.28
124,022100,포스코 ICT,20200709,4300,4330,4275,4305,350112,+0.23
125,022220,정산애강,20200709,1745,1765,1730,1765,236670,+2.32
126,023160,태광,20200709,7310,7310,7230,7280,66160,+0.83
127,023410,유진기업,20200709,3850,3860,3810,3835,278244,-0.13
128,023440,제일제강,20200709,1815,1890,1800,1800,262266,+1.41
129,023460,CNH,20200709,1410,1420,1385,1410,140881,0.00
130,023600,삼보판지,20200709,7570,7820,7570,7800,100562,+2.09
131,023760,한국캐피탈,20200709,501,501,494,497,150530,-0.40
132,023770,플레이위드,20200709,12500,12600,12250,12350,92449,-0.80
133,023790,동일철강,20200709,2985,3000,2915,2950,12673,+0.51
134,023890,한국아트라스비엑스,20200709,45050,46000,45050,45600,1368,+0.33
135,023900,풍국주정,20200709,26500,26800,25800,25800,979292,-0.39
136,023910,대한약품,20200709,29300,29300,28750,29150,23194,-0.51
137,024060,흥구석유,20200709,6760,6860,6740,6760,97019,0.00
138,024120,KB오토시스,20200709,6390,6440,6220,6440,6331,+0.94
139,024740,한일단조,20200709,1860,1900,1840,1860,2912690,+1.09
140,024800,유성티엔에스,20200709,2050,2085,2045,2070,29752,+0.98
141,024810,이화전기,20200709,155,156,153,154,2902158,-0.65
142,024830,세원물산,20200709,6280,6280,6280,6280,0,0.00
143,024840,KBI메탈,20200709,1250,1295,1235,1250,183490,+0.40
144,024850,피에스엠씨,20200709,820,841,812,816,49214,0.00
145,024880,케이피에프,20200709,3650,3870,3650,3850,90096,+5.34
146,024910,경창산업,20200709,938,995,933,995,572506,+4.19
147,024940,PN풍년,20200709,2585,2930,2460,2460,5711895,+9.09
148,024950,삼천리자전거,20200709,11300,11950,11150,11850,1403725,+7.73
149,025320,시노펙스,20200709,2925,3050,2920,3030,5344595,+4.48
150,025440,대성엘텍,20200709,703,706,683,689,740950,-1.43
151,025550,한국선재,20200709,2920,2960,2905,2935,163332,+0.51
152,025770,한국정보통신,20200709,9000,9590,8870,9570,222051,+7.65
153,025870,신라에스지,20200709,9250,9420,9220,9240,49564,-1.07
154,025880,케이씨피드,20200709,1920,1920,1870,1885,51678,-1.82
155,025900,동화기업,20200709,46400,46850,44250,46350,340198,0.00
156,025950,동신건설,20200709,7700,7970,7210,7650,1425008,-1.16
157,025980,아난티,20200709,10450,10600,10150,10250,4464320,-1.44
158,026040,제이에스티나,20200709,2585,2600,2480,2500,49855,-1.77
159,026150,특수건설,20200709,7170,7560,7110,7450,1957653,+5.52
160,026910,광진실업,20200709,2930,3050,2795,2835,114003,+0.18
161,027040,서울전자통신,20200709,792,797,780,790,130963,-0.25
162,027050,코리아나,20200709,5310,5350,5120,5180,2085448,+0.39
163,027360,아주IB투자,20200709,1375,1380,1340,1350,785041,-1.46
164,027580,상보,20200709,1010,1020,1000,1015,401273,+0.50
165,027710,팜스토리,20200709,1165,1165,1140,1150,567671,-0.86
166,027830,대성창투,20200709,1750,1810,1735,1790,451458,+3.47
167,028040,미래SCI,20200709,279,279,279,279,0,0.00
168,028080,휴맥스홀딩스,20200709,2830,2830,2730,2740,1845,-1.44
169,028150,GS홈쇼핑,20200709,109300,110800,108400,109600,15321,+0.74
170,028300,에이치엘비,20200709,84600,90200,84500,88100,882468,+2.20
171,029480,바른테크놀로지,20200709,490,511,489,508,232616,+2.83
172,029960,코엔텍,20200709,8870,8880,8730,8760,233854,-1.02
173,030190,NICE평가정보,20200709,19100,19900,18800,19900,391098,+4.74
174,030350,드래곤플라이,20200709,3080,3095,3015,3025,116544,-1.79
175,030520,한글과컴퓨터,20200709,17200,17800,16800,17400,562441,+2.35
176,030530,원익홀딩스,20200709,4625,4675,4585,4600,499704,+0.44
177,030960,양지사,20200709,9850,9960,9730,9830,16955,0.00
178,031310,아이즈비전,20200709,4170,4325,4115,4260,759790,+3.27
179,031330,에스에이엠티,20200709,2070,2085,2065,2075,374421,+0.73
180,031390,녹십자셀,20200709,41050,41350,40550,40700,118392,-0.97
181,031510,오스템,20200709,1615,1645,1590,1615,88609,-0.62
182,031860,엔에스엔,20200709,1500,1535,1460,1500,787681,+2.04
183,031980,피에스케이홀딩스,20200709,6760,6820,6700,6700,16630,-0.89
184,032080,아즈텍WB,20200709,1550,1555,1520,1530,56121,-1.29
185,032190,다우데이타,20200709,14300,14900,13950,14650,2126149,+4.64
186,032280,삼일,20200709,1820,1850,1810,1850,46449,+0.82
187,032500,케이엠더블유,20200709,64500,64500,62700,63000,1071785,-1.72
188,032540,TJ미디어,20200709,2800,2820,2765,2795,5851,+0.90
189,032580,피델릭스,20200709,1910,1930,1900,1915,318726,0.00
190,032620,유비케어,20200709,10950,11500,10800,11050,5731695,+4.74
191,032680,소프트센,20200709,2330,2410,2280,2390,3921215,+5.52
192,032685,소프트센우,20200709,59400,64100,55200,57300,88060,-1.55
193,032750,삼진,20200709,8730,9020,8630,8820,133458,+2.68
194,032790,엠젠플러스,20200709,4075,4075,4075,4075,0,0.00
195,032800,판타지오,20200709,847,855,829,849,810052,-0.70
196,032820,우리기술,20200709,730,740,719,725,764444,-0.68
197,032850,비트컴퓨터,20200709,12700,13350,12500,13200,4349755,+5.60
198,032860,글로스퍼랩스,20200709,298,350,293,302,49103156,+5.96
199,032940,원익,20200709,3440,3560,3370,3550,118726,+3.20
200,032960,동일기연,20200709,9780,9820,9510,9690,15578,-0.62
201,032980,바이온,20200709,1015,1020,1000,1015,155904,0.00
202,033050,제이엠아이,20200709,1195,1225,1185,1200,170338,0.00
203,033100,제룡전기,20200709,5700,5810,5600,5600,122561,-1.23
204,033110,코너스톤네트웍스,20200709,204,204,204,204,0,0.00
205,033130,디지틀조선,20200709,2470,2500,2375,2380,2185173,-3.45
206,033160,엠케이전자,20200709,8250,8290,8130,8200,145582,-0.49
207,033170,시그네틱스,20200709,747,762,741,743,470403,-1.33
208,033200,모아텍,20200709,4910,4910,4750,4815,837,-1.63
209,033230,인성정보,20200709,4200,4345,4130,4280,1189737,+3.13
210,033290,코웰패션,20200709,5700,5900,5690,5900,368078,+2.61
211,033310,디케이디앤아이,20200709,4355,4405,4310,4330,94317,-0.69
212,033320,제이씨현시스템,20200709,6180,6310,6110,6250,767891,+2.12
213,033340,좋은사람들,20200709,2150,2170,2095,2100,1107704,-2.33
214,033430,디에스티,20200709,370,370,370,370,0,0.00
215,033500,동성화인텍,20200709,8900,8980,8830,8870,145185,0.00
216,033540,파라텍,20200709,6280,6350,5980,6050,229859,-2.42
217,033560,블루콤,20200709,7340,7370,6930,7090,325628,-3.27
218,033600,럭슬,20200709,179,179,179,179,0,0.00
219,033640,네패스,20200709,29400,29950,29050,29600,659093,+1.72
220,033790,스카이문스테크놀로지,20200709,829,829,829,829,0,0.00
221,033830,티비씨,20200709,761,765,720,751,217780,-1.70
222,034230,파라다이스,20200709,12900,12900,12650,12700,668025,-1.55
223,034810,해성산업,20200709,13050,13350,12800,13000,42296,-0.38
224,034940,조아제약,20200709,4745,4775,4650,4670,634981,-1.58
225,034950,한국기업평가,20200709,74000,74700,74000,74200,3552,+0.27
226,035080,인터파크홀딩스,20200709,2405,2420,2350,2405,520785,+1.05
227,035200,프럼파스트,20200709,2965,3025,2950,2975,58037,+0.34
228,035290,더블유에프엠,20200709,11750,11750,11750,11750,0,0.00
229,035460,기산텔레콤,20200709,3040,3060,2920,2960,195450,-1.50
230,035600,KG이니시스,20200709,23400,25200,23100,24950,1367610,+7.08
231,035610,솔본,20200709,3470,3545,3465,3490,38214,+0.58
232,035620,바른손이앤에이,20200709,1685,1690,1645,1660,533602,-1.48
233,035760,CJ ENM,20200709,126600,129900,125300,128300,364585,+4.14
234,035810,이지홀딩스,20200709,4935,4960,4885,4895,933177,-0.31
235,035890,서희건설,20200709,1090,1100,1080,1085,866596,-0.46
236,035900,JYP Ent.,20200709,28450,29400,27350,28150,3140205,+0.90
237,036000,예림당,20200709,2380,2405,2340,2365,44688,0.00
238,036010,아비코전자,20200709,3920,4000,3905,3960,47918,+1.15
239,036030,KTH,20200709,4900,4985,4900,4950,34944,+1.02
240,036090,위지트,20200709,642,733,633,678,4214614,+6.44
241,036120,SCI평가정보,20200709,5310,5540,5190,5320,8494247,+0.95
242,036170,라이브파이낸셜,20200709,1530,1565,1495,1505,201694,-1.63
243,036180,에이프런티어,20200709,1205,1205,1205,1205,0,0.00
244,036190,금화피에스시,20200709,25500,25500,25100,25200,1982,-1.18
245,036200,유니셈,20200709,6500,6500,6320,6400,414374,-0.16
246,036260,이매진아시아,20200709,2220,2220,2220,2220,0,0.00
247,036480,대성미생물,20200709,17850,17900,17500,17500,247463,-2.51
248,036490,SK머티리얼즈,20200709,200000,203600,198400,200000,102327,+0.65
249,036540,SFA반도체,20200709,5030,5130,5020,5070,1927450,+1.20
250,036560,영풍정밀,20200709,6660,6690,6580,6620,21977,-0.30
251,036620,버추얼텍,20200709,862,867,841,856,302172,-0.70
252,036630,세종텔레콤,20200709,290,293,281,282,2733658,-2.76
253,036640,HRS,20200709,3700,3700,3515,3555,179721,-2.74
254,036670,KCI,20200709,10300,10750,10200,10600,146375,+2.91
255,036690,코맥스,20200709,3400,3615,3390,3605,323715,+6.03
256,036710,심텍홀딩스,20200709,1550,1715,1550,1655,445012,+6.77
257,036800,나이스정보통신,20200709,26200,26850,25750,26750,61870,+3.48
258,036810,에프에스티,20200709,29300,29450,28050,28550,588967,-1.38
259,036830,솔브레인홀딩스,20200709,95900,95900,95900,95900,0,0.00
260,036890,진성티이씨,20200709,7490,7490,7190,7200,430565,-2.96
261,036930,주성엔지니어링,20200709,7130,7350,7040,7200,1942213,+0.98
262,037030,파워넷,20200709,4710,4985,4705,4920,1132242,+4.57
263,037070,파세코,20200709,15550,16000,15450,15450,486364,0.00
264,037230,한국팩키지,20200709,2360,2410,2340,2385,549346,+0.21
265,037330,인지디스플레,20200709,1730,1760,1730,1735,186413,0.00
266,037350,성도이엔지,20200709,3680,3695,3600,3650,20405,-0.82
267,037370,EG,20200709,8860,9020,8680,8710,172971,-0.57
268,037400,우리조명,20200709,1070,1075,1045,1060,49699,-0.93
269,037440,희림,20200709,3730,3730,3650,3710,10622,-0.13
270,037460,삼지전자,20200709,10550,10550,10350,10350,130146,-0.96
271,037760,쎄니트,20200709,1860,1905,1855,1905,66729,+2.42
272,037950,엘컴텍,20200709,1875,1890,1835,1860,1006168,0.00
273,038010,제일테크노스,20200709,6090,6090,5630,5630,392769,-8.75
274,038060,루멘스,20200709,1705,1735,1680,1695,178145,+0.89
275,038070,서린바이오,20200709,10900,11050,10750,10800,131792,-0.92
276,038110,에코플라스틱,20200709,1365,1410,1355,1370,351024,+0.74
277,038160,팍스넷,20200709,862,862,862,862,0,0.00
278,038290,마크로젠,20200709,32600,33150,32050,32300,144147,-0.92
279,038340,UCI,20200709,3300,3300,3205,3250,117127,-1.07
280,038390,레드캡투어,20200709,12250,12350,12200,12350,4267,-0.40
281,038460,바이오스마트,20200709,5850,5850,5620,5660,243357,-1.39
282,038500,삼표시멘트,20200709,3410,3490,3365,3420,662741,+0.59
283,038530,골드퍼시픽,20200709,1695,1770,1530,1655,21121543,+20.80
284,038540,상상인,20200709,6120,6950,6040,6760,1042014,+7.30
285,038620,위즈코프,20200709,985,1020,985,1005,199406,+2.03
286,038680,에스넷,20200709,6530,6530,6400,6490,191539,+1.41
287,038870,에코바이오,20200709,9280,9610,9070,9280,1826762,-1.28
288,038880,아이에이,20200709,476,480,466,476,727042,+0.21
289,038950,파인디지털,20200709,6260,6460,6000,6300,328683,-5.12
290,039010,현대통신,20200709,6660,6730,6610,6670,15970,+0.15
291,039020,이건홀딩스,20200709,2860,3050,2815,3020,1571075,+7.86
292,039030,이오테크닉스,20200709,104500,113400,102900,109900,316226,+6.08
293,039200,오스코텍,20200709,23500,24050,23250,23450,241202,-0.21
294,039230,에이아이비트,20200709,181,181,181,181,0,0.00
295,039240,경남스틸,20200709,1705,1715,1700,1715,56977,+0.59
296,039290,인포뱅크,20200709,6770,6850,6710,6730,44268,-1.17
297,039310,세중,20200709,2980,3040,2850,2850,471195,-5.00
298,039340,한국경제TV,20200709,5300,5410,5190,5250,53307,+0.19
299,039420,케이엘넷,20200709,2230,2235,2205,2220,128947,0.00
300,039440,에스티아이,20200709,16700,16950,16450,16500,259108,-0.90
301,039560,다산네트웍스,20200709,9330,9500,9130,9170,1414720,-0.76
302,039610,화성밸브,20200709,5520,5630,5500,5570,76688,+1.46
303,039670,한류타임즈,20200709,917,917,917,917,0,0.00
304,039740,한국정보공학,20200709,2960,2965,2900,2935,36174,-0.84
305,039830,오로라,20200709,9050,9140,9020,9080,24182,+0.55
306,039840,디오,20200709,26000,26400,25650,26050,55734,+0.58
307,039860,나노엔텍,20200709,10900,10950,10400,10550,1674537,-3.21
308,039980,리노스,20200709,1235,1245,1220,1235,119650,+0.41
309,040160,누리텔레콤,20200709,6690,7240,6650,7240,574707,+7.90
310,040300,YTN,20200709,1925,2020,1925,1980,362715,+3.13
311,040350,큐로컴,20200709,2060,2125,2045,2095,388844,+1.70
312,040420,정상제이엘에스,20200709,5950,5990,5920,5940,6923,-0.17
313,040610,SG&G,20200709,1570,1630,1510,1515,1272881,-4.11
314,040910,아이씨디,20200709,15100,15200,14700,14850,435465,-0.34
315,041020,인프라웨어,20200709,1680,1720,1660,1680,545812,0.00
316,041140,넥슨지티,20200709,13000,13100,12600,12650,890004,-2.32
317,041190,우리기술투자,20200709,2795,2820,2730,2740,1019246,-0.72
318,041440,에버다임,20200709,3555,3570,3475,3545,25604,+0.57
319,041460,한국전자인증,20200709,6250,6500,6140,6490,1071502,+5.53
320,041510,에스엠,20200709,32050,32650,30750,31500,981772,0.00
321,041520,이라이콤,20200709,6080,6250,6070,6200,187537,+2.31
322,041590,젬백스지오,20200709,845,846,805,819,429839,-3.19
323,041830,인바디,20200709,16200,16350,16100,16150,50342,-0.31
324,041910,에스텍파마,20200709,11950,12000,11800,11850,193825,0.00
325,041920,메디아나,20200709,18150,18650,17950,18500,209807,+1.37
326,041930,동아화성,20200709,6830,6840,6430,6450,1109987,-2.27
327,041960,코미팜,20200709,16400,16500,15850,15900,650224,-3.64
328,042000,카페24,20200709,56800,56900,55500,56200,95549,-0.53
329,042040,케이피엠테크,20200709,1120,1130,1065,1075,9494583,-3.15
330,042110,에스씨디,20200709,1260,1265,1175,1190,672659,-4.80
331,042370,비츠로테크,20200709,6220,6520,6180,6480,199912,+4.18
332,042420,네오위즈홀딩스,20200709,14900,15900,14900,15900,84051,+6.00
333,042500,링네트,20200709,4835,5670,4815,5270,11401365,+9.79
334,042510,라온시큐어,20200709,3720,3965,3695,3920,3838600,+5.95
335,042520,한스바이오메드,20200709,21600,21600,20900,20950,135828,-2.33
336,042600,새로닉스,20200709,3890,4010,3765,3835,324884,-0.90
337,042940,상지카일룸,20200709,1550,1580,1535,1580,632435,+0.64
338,043090,큐브앤컴퍼니,20200709,2885,2885,2705,2770,98224,-1.07
339,043100,솔고바이오,20200709,392,392,392,392,0,0.00
340,043150,바텍,20200709,20550,21600,20450,21300,122715,+3.65
341,043200,파루,20200709,2445,2520,2445,2480,1110939,+0.40
342,043220,에이치엘비파워,20200709,1230,1265,1215,1235,1341262,+2.07
343,043260,성호전자,20200709,734,750,710,750,240131,+2.46
344,043290,케이맥,20200709,1345,1410,1335,1380,193910,+2.60
345,043340,에쎈테크,20200709,1230,1245,1210,1215,169092,-1.22
346,043360,디지아이,20200709,2135,2180,2135,2160,9881,+1.17
347,043370,평화정공,20200709,5840,5910,5830,5850,22733,-0.17
348,043590,크로바하이텍,20200709,1490,1490,1490,1490,0,0.00
349,043610,지니뮤직,20200709,3625,3670,3540,3595,776765,-2.04
350,043650,국순당,20200709,3750,3810,3745,3780,17681,-0.40
351,043710,서울리거,20200709,1060,1085,1050,1065,51610,+1.43
352,043910,자연과환경,20200709,1535,1565,1520,1535,673004,-0.32
353,044060,조광ILI,20200709,5970,5970,5830,5880,25236,0.00
354,044180,KD,20200709,495,495,495,495,0,0.00
355,044340,위닉스,20200709,19500,19550,19150,19250,123549,-1.03
356,044480,경남바이오파마,20200709,5260,5290,5130,5250,159169,+0.96
357,044490,태웅,20200709,6540,7440,6450,6630,1532631,+4.41
358,044780,에이치케이,20200709,1255,1300,1255,1285,129713,+2.80
359,044960,이글벳,20200709,8250,8320,8080,8130,908218,-3.21
360,045060,오공,20200709,5510,5520,5410,5410,375817,-1.81
361,045100,한양이엔지,20200709,9510,9650,9500,9550,76194,+0.63
362,045300,성우테크론,20200709,3935,4000,3850,3855,43545,-2.03
363,045340,토탈소프트,20200709,3910,3920,3645,3655,1329726,-7.93
364,045390,대아티아이,20200709,7350,7470,6970,6970,15637705,-5.04
365,045510,정원엔시스,20200709,1900,1900,1825,1865,24056,-1.58
366,045520,크린앤사이언스,20200709,39000,40100,37300,38450,441109,-1.41
367,045660,에이텍,20200709,17050,18400,15800,16750,8594680,-2.62
368,045890,GV,20200709,955,990,935,968,1388140,-2.52
369,045970,코아시아,20200709,9330,9400,9120,9360,182458,+1.08
370,046070,코다코,20200709,1310,1320,1270,1275,256391,-1.92
371,046110,한일네트웍스,20200709,4480,4740,4480,4685,375510,+3.77
372,046120,오르비텍,20200709,2875,2875,2795,2815,218397,-1.05
373,046140,SBS콘텐츠허브,20200709,6350,6390,6060,6190,171418,-2.06
374,046210,파나진,20200709,4215,4270,4090,4120,74890,-2.25
375,046310,백금T&A,20200709,2865,2965,2840,2870,241293,+1.06
376,046390,삼화네트웍스,20200709,1475,1495,1465,1480,153783,+1.37
377,046440,KG모빌리언스,20200709,12150,12650,12050,12500,2187427,+3.73
378,046890,서울반도체,20200709,14350,14600,14150,14400,838040,+0.70
379,046940,우원개발,20200709,6520,6830,6450,6810,574330,+4.45
380,046970,우리로,20200709,1675,1745,1665,1700,356836,+1.49
381,047080,한빛소프트,20200709,2830,2880,2790,2810,37182,-0.71
382,047310,파워로직스,20200709,7450,7450,7280,7320,550073,-1.21
383,047560,이스트소프트,20200709,6900,6990,6870,6930,30990,+0.43
384,047770,코데즈컴바인,20200709,2605,2630,2575,2590,254799,+0.39
385,047820,초록뱀,20200709,1690,1695,1635,1690,7108958,+0.30
386,047920,메디포럼제약,20200709,5190,5210,5090,5210,190564,+0.97
387,048260,오스템임플란트,20200709,30600,31300,30550,30900,74484,+0.98
388,048410,현대바이오,20200709,12950,13000,12300,12400,1359548,-3.50
389,048430,유라테크,20200709,6350,6430,6290,6320,38538,-0.32
390,048470,대동스틸,20200709,5230,5240,5150,5190,25507,+0.39
391,048530,인트론바이오,20200709,16000,16000,15150,15250,517476,-3.48
392,048550,SM C&C,20200709,1830,1860,1785,1805,1486465,-1.37
393,048770,TPC,20200709,3640,3740,3595,3690,111129,+1.37
394,048830,엔피케이,20200709,1600,1625,1570,1625,903220,+1.88
395,048870,시너지이노베이션,20200709,2180,2200,1955,1955,8704191,-9.28
396,048910,대원미디어,20200709,6310,6320,6190,6280,60549,-0.16
397,049070,인탑스,20200709,11200,11750,11150,11650,447959,+5.43
398,049080,기가레인,20200709,1125,1160,1115,1155,564481,+3.59
399,049120,파인디앤씨,20200709,1780,1875,1770,1850,533312,+4.23
400,049180,셀루메드,20200709,5980,5980,5980,5980,0,0.00
401,049430,코메론,20200709,9110,9400,9050,9080,384934,-0.11
402,049470,SGA,20200709,616,625,607,619,153768,+0.49
403,049480,오픈베이스,20200709,3425,3890,3350,3660,34052548,+7.17
404,049520,유아이엘,20200709,4145,4145,4065,4085,19715,-0.24
405,049550,잉크테크,20200709,2900,3060,2895,3005,66550,+3.98
406,049630,재영솔루텍,20200709,777,784,766,770,389565,-0.13
407,049720,고려신용정보,20200709,5610,5620,5540,5620,45726,+0.18
408,049830,승일,20200709,8980,9190,8900,8930,23637,0.00
409,049950,미래컴퍼니,20200709,25450,25700,24850,25550,28313,+0.99
410,049960,쎌바이오텍,20200709,16250,16300,16050,16150,20586,+0.31
411,050090,휘닉스소재,20200709,531,544,531,536,286031,+0.19
412,050110,캠시스,20200709,2830,2865,2800,2845,1634490,+0.53
413,050120,라이브플렉스,20200709,970,990,956,961,1572193,+0.10
414,050320,에이앤티앤,20200709,1010,1010,1010,1010,0,0.00
415,050540,한국코퍼레이션,20200709,282,282,282,282,0,0.00
416,050760,에스폴리텍,20200709,6590,6660,6450,6460,154804,-1.37
417,050860,아세아텍,20200709,2890,2915,2865,2875,107144,-0.86
418,050890,쏠리드,20200709,6600,6890,6400,6450,10604544,+0.16
419,050960,수산아이앤티,20200709,5960,6000,5910,5980,7641,+0.34
420,051160,지어소프트,20200709,12800,13150,12400,12700,1170802,+4.10
421,051360,토비스,20200709,6830,6830,6680,6750,38754,0.00
422,051370,인터플렉스,20200709,13600,13800,13300,13450,274068,+1.13
423,051380,피씨디렉트,20200709,9420,9500,9260,9430,70600,+0.21
424,051390,YW,20200709,3805,3895,3765,3830,3301,+0.66
425,051490,나라엠앤디,20200709,7420,7680,7230,7630,798176,+2.28
426,051500,CJ프레시웨이,20200709,15650,15800,15400,15450,44715,-1.28
427,051780,큐로홀딩스,20200709,670,670,656,667,208332,+0.91
428,051980,센트럴바이오,20200709,599,694,590,649,912984,+8.35
429,052020,에스티큐브,20200709,10800,11100,10650,10950,357194,+3.30
430,052190,이에스에이,20200709,295,295,295,295,0,0.00
431,052220,iMBC,20200709,2625,2650,2590,2635,167562,-0.38
432,052260,SK바이오랜드,20200709,30600,31150,30100,30150,510798,-1.79
433,052300,W홀딩컴퍼니,20200709,254,254,247,249,745858,-1.19
434,052330,코텍,20200709,8790,8860,8750,8800,30799,+0.11
435,052400,코나아이,20200709,13050,13050,13050,13050,0,0.00
436,052420,오성첨단소재,20200709,2215,2275,2200,2255,1190832,+1.81
437,052460,아이크래프트,20200709,4785,4835,4695,4695,882113,-1.68
438,052600,한네트,20200709,3740,3775,3695,3750,218589,+0.67
439,052670,제일바이오,20200709,8110,8150,8010,8040,561324,-0.25
440,052710,아모텍,20200709,31950,33200,31200,32600,385638,+2.03
441,052770,아이톡시,20200709,4460,4460,4460,4460,0,0.00
442,052790,액토즈소프트,20200709,11350,12150,11100,11500,379563,+1.77
443,052860,아이앤씨,20200709,4350,4480,4350,4430,225709,+1.61
444,052900,KMH하이텍,20200709,1285,1305,1235,1285,3748077,0.00
445,053030,바이넥스,20200709,13950,14250,13600,13900,1236869,+0.36
446,053050,지에스이,20200709,1365,1380,1355,1360,107224,-0.37
447,053060,세동,20200709,566,567,557,562,20488,-1.06
448,053110,소리바다,20200709,520,521,511,511,462372,-0.97
449,053160,프리엠스,20200709,7250,7390,6940,7190,669645,-3.49
450,053260,금강철강,20200709,3050,3080,3015,3060,8931,+0.33
451,053270,구영테크,20200709,1690,1690,1640,1655,876851,-2.36
452,053280,예스24,20200709,6640,6850,6590,6620,334360,-1.19
453,053290,NE능률,20200709,2970,2990,2925,2975,88634,+0.17
454,053300,한국정보인증,20200709,6000,6190,5940,6190,1055516,+4.03
455,053350,이니텍,20200709,4900,5450,4745,4750,2690575,-1.14
456,053450,세코닉스,20200709,4825,4885,4800,4860,61180,+0.73
457,053580,웹케시,20200709,61000,64100,60400,64000,182822,+5.26
458,053590,한국테크놀로지,20200709,1025,1040,1010,1040,435132,0.00
459,053610,프로텍,20200709,22500,22700,22000,22250,175834,-1.11
460,053620,태양,20200709,9140,9150,9020,9100,5678,+1.11
461,053660,현진소재,20200709,400,400,400,400,0,0.00
462,053700,삼보모터스,20200709,4450,4470,4265,4300,264115,-3.37
463,053800,안랩,20200709,53200,53200,52500,53000,41775,-0.38
464,053950,경남제약,20200709,7900,7920,7760,7790,63341,-0.38
465,053980,오상자이엘,20200709,9180,9240,9030,9080,195904,-1.09
466,054040,한국컴퓨터,20200709,2475,2480,2445,2445,38865,-1.21
467,054050,농우바이오,20200709,10750,10750,10500,10550,87443,-0.94
468,054090,삼진엘앤디,20200709,2850,2860,2765,2780,1333241,-2.80
469,054180,중앙오션,20200709,1440,1465,1280,1355,2363320,-0.37
470,054210,이랜텍,20200709,4110,4205,4085,4190,187717,+2.57
471,054220,비츠로시스,20200709,485,485,485,485,0,0.00
472,054300,팬스타엔터프라이즈,20200709,785,793,768,777,184255,-1.15
473,054410,케이피티유,20200709,3945,4000,3860,3860,2541,-1.03
474,054450,텔레칩스,20200709,8040,8430,8040,8210,413066,+3.01
475,054540,삼영엠텍,20200709,3850,4000,3850,3980,735818,+4.60
476,054620,APS홀딩스,20200709,8250,8520,8120,8280,168134,+0.73
477,054630,에이디칩스,20200709,798,798,780,788,260931,+1.03
478,054670,대한뉴팜,20200709,11550,11650,11300,11500,217579,0.00
479,054780,키이스트,20200709,13750,14100,13700,13950,356074,+1.09
480,054800,아이디스홀딩스,20200709,13300,13300,12550,13100,13425,+1.55
481,054920,한컴위드,20200709,3480,3540,3415,3470,798315,-0.14
482,054930,유신,20200709,15700,15850,15400,15450,15947,-0.96
483,054940,엑사이엔씨,20200709,1335,1360,1300,1305,420940,-1.88
484,054950,제이브이엠,20200709,32750,33300,31950,33050,28555,+2.32
485,056000,네스엠,20200709,1950,1950,1885,1890,131956,-2.07
486,056080,유진로봇,20200709,2220,2270,2215,2260,98073,+2.73
487,056090,유앤아이,20200709,4785,4815,4665,4725,14177,-1.05
488,056190,에스에프에이,20200709,33600,33750,33350,33750,128187,+1.05
489,056360,코위버,20200709,9970,10050,9740,9780,288881,-0.61
490,056700,신화인터텍,20200709,2720,2830,2680,2830,886070,+4.62
491,056730,포스링크,20200709,1460,1460,1460,1460,0,0.00
492,057030,YBM넷,20200709,8180,8660,8090,8660,2996671,+5.74
493,057500,SKC 솔믹스,20200709,4520,4550,4375,4400,1827332,-2.00
494,057540,옴니시스템,20200709,2265,2400,2220,2385,8206132,+5.07
495,057680,옴니텔,20200709,3760,4095,3300,3585,2893825,-4.02
496,057880,필로시스헬스케어,20200709,1450,1450,1400,1420,521453,-1.73
497,058110,멕아이씨에스,20200709,30050,31800,29900,30950,404309,+3.86
498,058220,아리온,20200709,275,275,275,275,0,0.00
499,058400,KNN,20200709,1770,1785,1705,1730,8450909,-3.62
500,058420,제이웨이,20200709,1160,1365,1065,1105,597740,+4.74
501,058450,일야,20200709,685,685,685,685,0,0.00
502,058470,리노공업,20200709,113300,114800,112600,114400,68429,+0.44
503,058530,슈펙스비앤피,20200709,163,164,160,162,2087434,-0.61
504,058610,에스피지,20200709,5800,6040,5800,5940,121466,+2.77
505,058630,엠게임,20200709,5420,5480,5160,5230,1555261,-3.86
506,058820,CMG제약,20200709,4025,4030,3985,3995,1034442,-0.75
507,059090,미코,20200709,10750,10950,10500,10650,2906415,0.00
508,059100,아이컴포넌트,20200709,3935,3960,3910,3960,3421,+0.76
509,059120,아진엑스텍,20200709,6180,6220,6140,6140,24809,-0.32
510,059210,메타바이오메드,20200709,2490,2515,2450,2485,96819,+0.20
511,060150,인선이엔티,20200709,8560,8650,8450,8640,678978,+1.29
512,060230,이그잭스,20200709,1675,1675,1565,1590,1346368,-5.07
513,060240,룽투코리아,20200709,4885,4930,4730,4795,484284,-1.74
514,060250,NHN한국사이버결제,20200709,55300,59300,55200,57500,1386761,+4.55
515,060260,뉴보텍,20200709,1410,1520,1380,1500,5080142,+8.30
516,060280,큐렉소,20200709,6050,6250,5970,6190,91959,+2.82
517,060300,레드로버,20200709,610,610,610,610,0,0.00
518,060310,3S,20200709,2360,2445,2360,2430,149894,+2.32
519,060370,KT서브마린,20200709,4255,4470,4255,4420,547340,+3.88
520,060380,동양에스텍,20200709,2595,2630,2570,2620,4749,+2.14
521,060480,국일신동,20200709,3430,3475,3420,3450,32472,+0.73
522,060540,에스에이티,20200709,1785,1830,1770,1770,153336,-1.67
523,060560,홈센타홀딩스,20200709,1145,1155,1130,1145,114865,0.00
524,060570,드림어스컴퍼니,20200709,5410,5410,5200,5300,119579,+0.95
525,060590,씨티씨바이오,20200709,10100,10100,9670,9750,362279,-1.61
526,060720,KH바텍,20200709,23150,24500,23000,24250,1429240,+6.36
527,060900,케이알피앤이,20200709,1000,1095,995,1090,4546907,+9.11
528,061040,알에프텍,20200709,8490,9400,8360,9240,7181568,+9.87
529,061250,화일약품,20200709,8260,8390,8240,8270,214974,+0.61
530,061970,엘비세미콘,20200709,8580,8830,8580,8620,1863602,+0.70
531,062860,티엘아이,20200709,6340,6340,6000,6190,71167,-2.37
532,062970,피피아이,20200709,10150,10250,9980,10100,320805,0.00
533,063080,게임빌,20200709,31100,32100,30600,31000,36500,-1.27
534,063170,서울옥션,20200709,4280,4280,4170,4205,46741,-1.18
535,063440,SM Life Design,20200709,2200,2350,2140,2155,23363714,-3.15
536,063570,한국전자금융,20200709,6420,6510,6350,6420,132611,+0.16
537,063760,이엘피,20200709,10700,11000,10450,10900,109292,+2.35
538,064090,에프앤리퍼블릭,20200709,524,540,510,515,174714,-1.90
539,064240,홈캐스트,20200709,3705,3800,3670,3685,73037,-0.54
540,064260,다날,20200709,3905,3960,3870,3930,2017371,+1.68
541,064290,인텍플러스,20200709,14700,15300,14300,14400,581924,-3.03
542,064480,브리지텍,20200709,3180,3235,3150,3210,60414,+0.94
543,064510,에코마이스터,20200709,2250,2325,2175,2185,419305,-2.46
544,064520,바른전자,20200709,1005,1005,1005,1005,0,0.00
545,064550,바이오니아,20200709,12600,12600,12150,12300,410052,-2.38
546,064760,티씨케이,20200709,92600,92600,89700,91100,42832,-1.41
547,064800,젬백스링크,20200709,1455,1470,1425,1435,1541212,-1.71
548,064820,케이프,20200709,3475,3570,3410,3470,409309,0.00
549,065060,지엔코,20200709,1150,1160,1125,1135,377317,-0.87
550,065130,탑엔지니어링,20200709,8280,8540,8190,8490,338114,+3.54
551,065150,MP그룹,20200709,1315,1315,1315,1315,0,0.00
552,065170,넥스트BT,20200709,2010,2055,2000,2010,558723,+0.50
553,065350,신성델타테크,20200709,3505,3710,3455,3690,614261,+5.28
554,065370,위세아이텍,20200709,14600,15700,14500,15200,68187,+3.05
555,065420,에스아이리소스,20200709,639,639,639,639,0,0.00
556,065440,이루온,20200709,1415,1420,1385,1400,317374,-1.06
557,065450,빅텍,20200709,7400,7780,7280,7500,19799782,+4.90
558,065500,오리엔트정공,20200709,370,477,370,477,67861250,+29.97
559,065510,휴비츠,20200709,7000,7100,6950,7060,59782,+1.44
560,065530,전파기지국,20200709,5410,5550,5310,5550,3867747,+3.74
561,065560,녹원씨엔아이,20200709,5500,5500,5500,5500,0,0.00
562,065570,삼영이엔씨,20200709,7160,7190,6900,7150,76848,-0.56
563,065620,제낙스,20200709,3190,3190,3190,3190,0,0.00
564,065650,메디프론,20200709,3970,4010,3915,3980,156757,+1.66
565,065660,안트로젠,20200709,66200,67000,61300,62500,260455,-4.43
566,065680,우주일렉트로,20200709,26400,26550,25150,26000,118368,0.00
567,065690,파커스,20200709,2660,2670,2600,2600,35845,-2.26
568,065710,서호전기,20200709,19550,19550,19000,19250,9541,-0.77
569,065770,CS,20200709,2395,2490,2395,2450,91326,+1.45
570,065940,바이오빌,20200709,1635,1635,1635,1635,0,0.00
571,065950,웰크론,20200709,6310,6350,6170,6190,904816,-2.06
572,066110,한프,20200709,480,480,480,480,0,0.00
573,066130,하츠,20200709,7110,7250,6910,7150,654253,+0.70
574,066310,큐에스아이,20200709,17850,17900,17550,17700,33304,0.00
575,066360,체리부로,20200709,2860,2880,2800,2810,1522897,-0.35
576,066410,버킷스튜디오,20200709,1815,1880,1750,1765,309507,-3.55
577,066430,와이오엠,20200709,1960,2000,1850,1850,277149,-6.09
578,066590,우수AMS,20200709,3950,3955,3900,3915,422685,0.00
579,066620,국보디자인,20200709,14500,17800,14500,15500,237260,+8.77
580,066670,디스플레이텍,20200709,3290,3320,3220,3290,55486,0.00
581,066700,테라젠이텍스,20200709,10150,10150,9780,9820,925728,-2.77
582,066790,씨씨에스,20200709,846,846,846,846,0,0.00
583,066900,디에이피,20200709,3260,3470,3125,3165,626120,-1.71
584,066910,손오공,20200709,1750,1750,1715,1740,161418,-0.29
585,066970,엘앤에프,20200709,38850,40800,38000,39950,1129483,+1.91
586,066980,브레인콘텐츠,20200709,606,617,606,609,325905,0.00
587,067000,조이시티,20200709,18500,18500,17800,18100,86709,-1.63
588,067010,이씨에스,20200709,3600,3925,3545,3765,2660201,+5.31
589,067080,대화제약,20200709,13050,13200,12900,13200,219614,+2.72
590,067160,아프리카TV,20200709,69000,69100,66000,66400,210354,-3.07
591,067170,오텍,20200709,11550,11600,11350,11450,231810,0.00
592,067280,멀티캠퍼스,20200709,30600,30600,29700,30350,3718,-0.16
593,067290,JW신약,20200709,4675,4705,4630,4640,228080,-0.64
594,067310,하나마이크론,20200709,4850,4860,4760,4805,361833,+0.21
595,067390,아스트,20200709,3950,3975,3720,3765,773119,-4.56
596,067570,엔브이에이치코리아,20200709,2665,2745,2655,2720,376511,+1.49
597,067630,에이치엘비생명과학,20200709,17800,18850,17800,18550,614774,+3.06
598,067730,로지시스,20200709,4195,4340,4100,4265,309713,+1.67
599,067770,세진티에스,20200709,2490,2515,2450,2510,14169,+0.80
600,067900,와이엔텍,20200709,11750,11800,11600,11800,226673,+1.29
601,067920,이글루시큐리티,20200709,4755,5040,4715,5010,229015,+5.70
602,067990,도이치모터스,20200709,6490,6490,6180,6380,201268,-1.39
603,068050,팬엔터테인먼트,20200709,5250,5890,5230,5700,2460760,+9.62
604,068240,다원시스,20200709,16450,16450,16250,16350,261138,0.00
605,068330,일신바이오,20200709,2465,2475,2425,2440,973590,-1.01
606,068760,셀트리온제약,20200709,126000,140000,125900,132300,2446718,+7.39
607,068790,DMS,20200709,5480,5480,5260,5330,288224,-1.84
608,068930,디지털대성,20200709,6590,6660,6510,6510,51732,-0.61
609,068940,아이씨케이,20200709,3315,3340,3180,3250,433235,-2.69
610,069080,웹젠,20200709,30300,31500,29100,29500,1450758,-0.34
611,069110,코스온,20200709,5150,5150,5000,5000,27505,-0.60
612,069140,누리플랜,20200709,5110,5350,5010,5340,149167,+5.12
613,069330,유아이디,20200709,1055,1055,1055,1055,0,0.00
614,069410,엔텔스,20200709,9280,9550,9230,9550,58801,+3.02
615,069510,에스텍,20200709,9000,9130,9000,9120,31065,+1.90
616,069540,라이트론,20200709,5420,5420,5420,5420,0,0.00
617,069920,아이에스이커머스,20200709,4100,4100,3895,3975,7750,-1.61
618,070300,엑스큐어,20200709,4805,4985,4770,4890,78347,+1.98
619,070590,한솔인티큐브,20200709,3160,3180,3125,3145,83478,+0.48
620,071200,인피니트헬스케어,20200709,7470,7650,7360,7650,1083423,+4.22
621,071280,로체시스템즈,20200709,4735,4840,4700,4725,34802,-0.21
622,071460,위니아딤채,20200709,2595,2635,2560,2600,92858,-0.95
623,071670,에이테크솔루션,20200709,8420,8450,8270,8300,197041,-1.43
624,071850,캐스텍코리아,20200709,3510,3635,3390,3440,76760,-2.13
625,072020,중앙백신,20200709,16700,16800,16550,16650,97436,-0.60
626,072470,우리산업홀딩스,20200709,5480,5490,5410,5470,53020,-0.18
627,072520,제넨바이오,20200709,1960,1970,1920,1925,1095090,-1.03
628,072770,율호,20200709,1670,1720,1620,1650,341282,-1.79
629,072870,메가스터디,20200709,10200,10350,10150,10350,73259,+1.47
630,072950,빛샘전자,20200709,4860,4920,4845,4900,13695,+0.82
631,072990,에이치시티,20200709,10850,10850,10450,10650,47209,-0.47
632,073010,케이에스피,20200709,1590,1615,1550,1580,74074,-0.63
633,073070,에스모,20200709,429,439,425,428,1809813,-0.23
634,073110,엘엠에스,20200709,9910,10400,9900,10250,162310,+3.43
635,073190,듀오백,20200709,2160,2250,2135,2175,26306,+0.69
636,073490,이노와이어리스,20200709,50800,50900,49650,50400,215044,+0.20
637,073540,에프알텍,20200709,4180,4670,4170,4445,445979,+6.72
638,073560,우리손에프앤지,20200709,1960,1965,1935,1950,780698,-0.26
639,073570,WI,20200709,1460,1610,1445,1610,2900031,+10.27
640,073640,삼원테크,20200709,1875,1875,1760,1795,478062,-3.49
641,074430,아미노로직스,20200709,2090,2125,2035,2075,421330,0.00
642,074600,원익QnC,20200709,14600,14950,14400,14550,1292821,+2.11
643,075130,플랜티넷,20200709,4770,4805,4670,4700,22253,+0.64
644,075970,동국알앤에스,20200709,2505,2535,2455,2495,644751,0.00
645,076080,웰크론한텍,20200709,1630,1645,1600,1615,37631,0.00
646,076610,해성옵틱스,20200709,1830,1990,1815,1955,3844241,+8.91
647,077360,덕산하이메탈,20200709,7240,7650,7140,7560,210388,+6.48
648,078020,이베스트투자증권,20200709,4630,4720,4610,4720,74584,+2.16
649,078070,유비쿼스홀딩스,20200709,34850,34900,33850,34250,156679,+0.15
650,078130,국일제지,20200709,5680,5700,5600,5610,1794480,-0.88
651,078140,대봉엘에스,20200709,11200,11650,10650,10900,383564,-2.24
652,078150,HB테크놀러지,20200709,2205,2285,2200,2260,1132704,+2.96
653,078160,메디포스트,20200709,27050,27300,26300,26650,168512,-0.74
654,078340,컴투스,20200709,129000,131300,126400,129000,139913,+0.16
655,078350,한양디지텍,20200709,5580,5900,5580,5840,72521,+4.85
656,078590,OQP,20200709,4110,4205,4075,4100,589633,0.00
657,078600,대주전자재료,20200709,37800,37800,36800,37200,503584,-0.80
658,078650,코렌,20200709,1080,1115,1075,1100,348732,+1.85
659,078860,아이오케이,20200709,1680,1680,1635,1650,153866,-1.49
660,078890,가온미디어,20200709,6000,6000,5880,5930,138886,-0.17
661,078940,코드네이처,20200709,1590,1590,1500,1515,96132,-3.50
662,079000,와토스코리아,20200709,4795,5830,4755,5020,245735,+5.80
663,079170,한창산업,20200709,5210,5300,5180,5300,6136,+1.73
664,079190,EMW,20200709,2780,2780,2780,2780,0,0.00
665,079370,제우스,20200709,14200,14450,13750,13800,167669,-1.78
666,079650,서산,20200709,2660,2695,2625,2695,129774,+1.32
667,079810,디이엔티,20200709,6700,7310,6530,7200,431648,+8.93
668,079940,가비아,20200709,16000,16800,15800,16700,1164611,+3.09
669,079950,인베니아,20200709,1710,1795,1710,1785,64829,+4.39
670,079960,동양이엔피,20200709,12850,12900,12500,12700,140932,-1.55
671,079970,투비소프트,20200709,1510,1730,1510,1620,951226,+8.00
672,080000,에스엔유,20200709,3610,3650,3560,3635,169089,+1.82
673,080010,이상네트웍스,20200709,6040,6090,5960,6060,593,+0.33
674,080160,모두투어,20200709,10250,10400,10200,10200,108635,-1.45
675,080220,제주반도체,20200709,2815,2905,2815,2885,314642,+3.04
676,080420,모다이노칩,20200709,2440,2545,2440,2510,58576,+2.03
677,080440,에스제이케이,20200709,498,498,498,498,0,0.00
678,080470,성창오토텍,20200709,7940,8020,7750,7780,194419,-1.77
679,080520,오디텍,20200709,4715,4830,4715,4740,634461,-0.11
680,080530,코디,20200709,1810,1845,1780,1840,175746,+1.10
681,080580,오킨스전자,20200709,4650,4690,4300,4535,106078,-1.73
682,080720,한국유니온제약,20200709,14050,14100,13900,14000,115630,+0.72
683,081150,티플랙스,20200709,3885,3895,3655,3655,3031915,-6.40
684,081580,성우전자,20200709,2250,2250,2185,2205,48106,-0.68
685,082210,옵트론텍,20200709,5150,5200,5030,5150,329873,+0.59
686,082270,젬백스,20200709,26450,26650,24700,25400,1258074,-2.87
687,082660,코스나인,20200709,1290,1340,1230,1275,160614,-0.78
688,082800,루미마이크로,20200709,1880,1880,1825,1840,3056662,-1.87
689,082850,우리바이오,20200709,1200,1230,1165,1185,400148,-0.84
690,082920,비츠로셀,20200709,17300,17750,17100,17700,152115,+2.91
691,083310,엘오티베큠,20200709,15500,15700,14800,15300,932586,-0.33
692,083450,GST,20200709,19650,20350,19400,20300,355165,+4.37
693,083470,이엠앤아이,20200709,1690,1690,1690,1690,0,0.00
694,083500,에프엔에스테크,20200709,9660,9680,9330,9400,168078,-1.98
695,083550,케이엠,20200709,19150,19200,18650,18800,232516,-1.31
696,083640,인콘,20200709,1010,1155,1000,1085,74310966,+21.64
697,083650,비에이치아이,20200709,2360,2400,2300,2335,87802,-1.06
698,083660,CSA 코스믹,20200709,4170,4170,4170,4170,0,0.00
699,083790,크리스탈,20200709,13050,13050,12550,12750,572454,-1.92
700,083930,아바코,20200709,8090,8170,7950,8100,151346,+0.87
701,084110,휴온스글로벌,20200709,31900,32450,31650,32300,34368,+1.10
702,084180,수성,20200709,1335,1370,1300,1340,79541,-0.37
703,084370,유진테크,20200709,29000,29200,28150,28900,357264,-0.17
704,084650,랩지노믹스,20200709,23400,23600,22650,23250,865712,-0.43
705,084730,팅크웨어,20200709,10850,10850,10050,10200,328048,-6.85
706,084850,아이티엠반도체,20200709,61800,66300,61300,65900,588458,+8.03
707,084990,헬릭스미스,20200709,62000,62200,60600,61000,354576,-1.77
708,085370,루트로닉,20200709,6160,6200,5970,6030,239516,-1.79
709,08537M,루트로닉3우C,20200709,8750,9140,8750,8800,126,+0.57
710,085660,차바이오텍,20200709,19050,19150,18550,19000,591940,0.00
711,085670,뉴프렉스,20200709,1405,1465,1405,1445,132204,0.00
712,085810,알티캐스트,20200709,1675,1740,1655,1675,852051,-1.76
713,085910,네오티스,20200709,3770,3770,3675,3710,14568,0.00
714,086040,바이오톡스텍,20200709,9780,10250,9720,9800,808285,+0.51
715,086060,진바이오텍,20200709,6200,6200,6010,6050,312448,-1.47
716,086250,이노와이즈,20200709,1405,1405,1405,1405,0,0.00
717,086390,유니테스트,20200709,12550,13350,12500,13200,877065,+5.60
718,086450,동국제약,20200709,132000,139900,131000,137700,43591,+4.40
719,086520,에코프로,20200709,31800,32100,31300,31750,389156,+0.63
720,086670,비엠티,20200709,8460,8720,8450,8520,86967,+0.71
721,086820,바이오솔루션,20200709,28750,28950,27900,28300,85756,-0.70
722,086890,이수앱지스,20200709,6230,6460,6200,6350,177111,+0.95
723,086900,메디톡스,20200709,252800,254200,211400,219400,879960,-13.14
724,086960,한컴MDS,20200709,13400,13950,13150,13900,485768,+8.59
725,086980,쇼박스,20200709,2765,2765,2695,2700,226089,-1.82
726,087010,펩트론,20200709,21900,21950,21250,21250,284566,-1.85
727,087260,모바일어플라이언스,20200709,3820,3900,3765,3900,2251686,+2.09
728,087600,픽셀플러스,20200709,3635,3845,3635,3765,3374,-0.53
729,087730,에스모 머티리얼즈,20200709,2720,2720,2720,2720,0,0.00
730,088130,동아엘텍,20200709,6740,6790,6590,6680,32364,-0.89
731,088290,이원컴포텍,20200709,6220,6350,6090,6200,93194,-0.32
732,088390,이녹스,20200709,7050,7050,6820,6910,6933,+0.44
733,088800,에이스테크,20200709,17200,19250,16700,17800,7401284,+4.40
734,088910,동우팜투테이블,20200709,3425,3455,3390,3415,175634,0.00
735,089010,켐트로닉스,20200709,14150,14950,14150,14550,1110109,+3.19
736,089030,테크윙,20200709,18800,19350,18600,18900,1720475,+2.16
737,089140,넥스턴,20200709,7730,7890,7500,7680,29064,-1.29
738,089150,케이씨티,20200709,3675,3700,3610,3685,475481,+0.55
739,089230,THE E&M,20200709,719,734,711,717,510594,+0.42
740,089530,에이티세미콘,20200709,482,487,479,484,118625,+0.41
741,089600,나스미디어,20200709,28600,29000,28450,29000,27120,+1.40
742,089790,제이티,20200709,6200,6220,6100,6220,138398,+1.30
743,089850,유비벨록스,20200709,7100,7390,7020,7290,79828,+2.68
744,089890,코세스,20200709,5700,5800,5690,5740,30219,+0.53
745,089970,에이피티씨,20200709,15700,15850,15200,15800,218599,+2.27
746,089980,상아프론테크,20200709,29100,31500,28350,31150,2107509,+9.68
747,090150,광진윈텍,20200709,2865,2925,2845,2880,10495,+0.88
748,090360,로보스타,20200709,14300,14600,13900,14500,141946,+3.57
749,090410,덕신하우징,20200709,1480,1500,1425,1445,3308599,-1.37
750,090460,비에이치,20200709,19800,20650,19650,20600,1479486,+6.74
751,090470,제이스텍,20200709,9400,9720,9300,9540,86578,+1.92
752,090710,휴림로봇,20200709,784,794,780,789,573753,+0.77
753,090740,아이엠이연이,20200709,6610,6630,6380,6440,151330,-2.42
754,090850,이지웰,20200709,12700,12700,12400,12650,60447,0.00
755,091120,이엠텍,20200709,12400,13250,12400,13150,277148,+6.05
756,091340,S&K폴리텍,20200709,5640,5660,5550,5610,61252,+0.72
757,091440,텔레필드,20200709,4430,4430,4300,4300,183018,-1.15
758,091580,상신이디피,20200709,8870,8930,8740,8910,171851,+0.45
759,091590,남화토건,20200709,16000,16100,15650,15650,163559,-1.26
760,091700,파트론,20200709,9130,9650,9060,9610,1862708,+6.07
761,091970,나노캠텍,20200709,1970,2030,1810,1810,4067440,+1.97
762,091990,셀트리온헬스케어,20200709,107200,110300,106400,106800,2762415,+1.62
763,092040,아미코젠,20200709,38750,39900,33000,34000,1741782,-12.82
764,092070,디엔에프,20200709,14000,14600,13900,14400,224925,+1.77
765,092130,이크레더블,20200709,21200,21500,20950,21300,16876,+0.95
766,092190,서울바이오시스,20200709,19650,19750,19050,19750,897487,+2.33
767,092300,현우산업,20200709,2900,2965,2880,2960,166179,+1.20
768,092460,한라IMS,20200709,5510,5590,5480,5540,15884,0.00
769,092600,앤씨앤,20200709,2635,2680,2605,2640,265688,+0.19
770,092730,네오팜,20200709,34250,34850,34050,34700,81664,+1.31
771,092870,엑시콘,20200709,9230,9330,9100,9140,56102,-1.51
772,093190,빅솔론,20200709,4760,4780,4625,4625,24810,-2.84
773,093320,케이아이엔엑스,20200709,62700,64200,61600,64200,131911,+2.39
774,093380,풍강,20200709,2780,2820,2705,2710,443707,-3.21
775,093520,매커스,20200709,3710,3730,3660,3700,51872,+0.27
776,093640,다믈멀티미디어,20200709,2870,2870,2810,2860,51488,-0.35
777,093920,서원인텍,20200709,6880,6900,6730,6760,171687,-0.88
778,094170,동운아나텍,20200709,5620,5780,5560,5650,300777,+2.73
779,094360,칩스앤미디어,20200709,8400,8740,8400,8620,262741,+2.99
780,094480,갤럭시아컴즈,20200709,3855,4065,3840,4000,641721,+3.49
781,094820,일진파워,20200709,4710,4730,4650,4665,40384,0.00
782,094840,슈프리마에이치큐,20200709,4850,4850,4780,4820,20948,-0.10
783,094850,참좋은여행,20200709,4910,4950,4850,4875,40076,-0.71
784,094860,코닉글로리,20200709,1490,1555,1465,1535,574628,+3.72
785,094940,푸른기술,20200709,16150,16200,15450,15450,442365,-4.04
786,094970,제이엠티,20200709,2625,2675,2620,2665,66157,+0.95
787,095190,이엠코리아,20200709,5570,5650,5420,5450,2903413,0.00
788,095270,웨이브일렉트로,20200709,8010,8010,7650,7670,87152,-1.67
789,095340,ISC,20200709,18300,18800,17900,18500,455474,+1.09
790,095500,미래나노텍,20200709,3370,3400,3230,3325,531795,+0.30
791,095610,테스,20200709,22750,22800,22300,22450,342638,+0.22
792,095660,네오위즈,20200709,28350,29300,28300,29000,580201,+2.11
793,095700,제넥신,20200709,98500,98600,96100,96900,410523,+0.31
794,095910,에스에너지,20200709,6060,6340,5970,6280,1142027,+7.53
795,096040,이트론,20200709,159,160,157,158,998346,-0.63
796,096240,청담러닝,20200709,21400,22100,20800,22000,230282,+4.27
797,096350,대창솔루션,20200709,313,324,313,319,2912717,+1.27
798,096530,씨젠,20200709,146000,152300,143000,149600,3461775,+1.98
799,096610,알에프세미,20200709,5650,5680,5510,5600,562149,-2.44
800,096630,에스코넥,20200709,1760,1835,1760,1785,1161926,+1.13
801,096640,멜파스,20200709,1280,1280,1210,1250,133981,-1.57
802,096690,에이루트,20200709,5060,5280,4880,4955,45071,-2.08
803,096870,엘디티,20200709,2515,2535,2485,2515,33094,0.00
804,097520,엠씨넥스,20200709,32800,34400,32650,33650,2111469,+5.16
805,097780,에스맥,20200709,1335,1425,1320,1380,24870432,+4.15
806,097800,윈팩,20200709,1625,1670,1580,1625,626431,0.00
807,097870,효성오앤비,20200709,6850,6980,6780,6850,48538,-0.87
808,098120,마이크로컨텍솔,20200709,4315,4340,4220,4265,95018,-1.73
809,098460,고영,20200709,99100,99200,97100,98100,50924,-1.01
810,098660,에스티오,20200709,1950,1990,1935,1945,8821,-0.26
811,099190,아이센스,20200709,25600,25900,25150,25600,75758,+0.79
812,099220,SDN,20200709,2755,2865,2715,2795,2288739,+1.08
813,099320,쎄트렉아이,20200709,23200,23250,22800,22850,70893,-1.08
814,099410,동방선기,20200709,3730,3790,3520,3645,374140,-0.95
815,099440,스맥,20200709,1965,2070,1955,2065,1846121,+5.36
816,099520,ITX엠투엠,20200709,1985,1985,1840,1875,102323,-1.32
817,099750,이지케어텍,20200709,20000,20750,19850,20450,164239,+2.25
818,100030,모바일리더,20200709,16600,17750,16350,17050,43334,+3.96
819,100090,삼강엠앤티,20200709,4280,4940,4280,4940,3096644,+15.42
820,100120,뷰웍스,20200709,35000,35000,34100,34300,50383,-1.15
821,100130,동국S&C,20200709,5570,6640,5540,6200,63740519,+17.42
822,100590,머큐리,20200709,11100,11500,10850,11450,1512311,+4.09
823,100660,서암기계공업,20200709,4850,4930,4750,4755,142170,-2.36
824,100700,세운메디칼,20200709,3900,3945,3685,3770,7557871,+0.80
825,100790,미래에셋벤처투자,20200709,3000,3000,2885,2955,277574,-1.50
826,101000,상상인인더스트리,20200709,937,941,893,900,154758,-3.33
827,101160,월덱스,20200709,10950,11550,10900,11150,916131,+2.76
828,101170,우림기계,20200709,3210,3230,3055,3100,282557,-3.28
829,101240,씨큐브,20200709,7410,7440,7260,7410,35387,+1.23
830,101330,모베이스,20200709,3840,3865,3690,3690,611357,-3.28
831,101390,아이엠,20200709,740,754,740,748,79824,+0.81
832,101400,엔시트론,20200709,1385,1390,1355,1375,39594,-0.72
833,101490,에스앤에스텍,20200709,39350,40300,38050,39600,703564,+1.41
834,101670,코리아에스이,20200709,1160,1255,1135,1190,2428812,+2.59
835,101680,한국정밀기계,20200709,1790,1790,1655,1675,83003,-3.46
836,101730,조이맥스,20200709,6770,6770,6100,6280,15151,-3.09
837,101930,인화정공,20200709,5200,5310,4895,4895,112591,-5.87
838,102120,어보브반도체,20200709,8780,9100,8780,8930,1160406,+2.41
839,102210,해덕파워웨이,20200709,1100,1100,1100,1100,0,0.00
840,102710,이엔에프테크놀로지,20200709,36800,39450,36650,37100,646429,+1.78
841,102940,코오롱생명과학,20200709,33100,33500,32600,32850,55703,-1.65
842,103230,에스앤더블류,20200709,1865,1925,1850,1890,32719,+2.16
843,103840,우양,20200709,5270,5270,5090,5100,520880,-3.23
844,104040,대성파인텍,20200709,1415,1495,1400,1480,5821474,+5.71
845,104200,NHN벅스,20200709,4790,4970,4755,4840,39291,+1.15
846,104460,디와이피엔에프,20200709,9790,9790,9520,9660,65736,-0.82
847,104480,티케이케미칼,20200709,2150,2175,2130,2135,532441,-0.70
848,104540,코렌텍,20200709,7190,7240,7090,7180,17736,-0.14
849,104620,노랑풍선,20200709,13000,13000,12600,12750,12378,-0.39
850,104830,원익머트리얼즈,20200709,28000,29200,27550,28700,265980,+3.80
851,105330,케이엔더블유,20200709,6000,6000,5710,5850,60533,-1.35
852,105550,트루윈,20200709,3350,3490,3305,3370,40030,+0.60
853,105740,디케이락,20200709,8650,8800,8570,8630,249519,+1.17
854,106080,하이소닉,20200709,3330,3330,3330,3330,0,0.00
855,106190,하이텍팜,20200709,10500,10550,10300,10450,13516,+0.48
856,106240,파인테크닉스,20200709,4805,5500,4750,5160,16380979,+10.61
857,106520,디지탈옵틱,20200709,667,705,653,697,1897817,+5.29
858,108230,톱텍,20200709,18950,19100,18600,19100,406880,+1.60
859,108320,실리콘웍스,20200709,44650,45150,44100,44750,175002,+0.34
860,108380,대양전기공업,20200709,11150,11300,11050,11200,16137,0.00
861,108490,로보티즈,20200709,11550,12600,11450,12500,379761,+9.65
862,108790,인터파크,20200709,5020,5020,5020,5020,0,0.00
863,108860,셀바스AI,20200709,3065,3145,3020,3075,327803,+0.49
864,109080,옵티시스,20200709,8030,8310,7980,8290,74501,+3.24
865,109610,에스와이,20200709,3850,3865,3745,3820,42978,+0.26
866,109740,디에스케이,20200709,6970,6990,6850,6930,44140,-0.57
867,109820,진매트릭스,20200709,13700,13850,13000,13750,428749,+0.36
868,109860,동일금속,20200709,11000,11050,10950,11050,3877,+0.91
869,109960,에이프로젠 H&G,20200709,941,948,921,921,819805,-1.39
870,110020,전진바이오팜,20200709,5760,5850,5610,5820,31174,+1.04
871,110790,크리스에프앤씨,20200709,22500,22750,22100,22150,25077,+1.61
872,110990,디아이티,20200709,6870,7020,6870,6950,28306,+0.58
873,111710,남화산업,20200709,14300,14350,14050,14050,188464,+0.36
874,111820,지와이커머스,20200709,2465,2465,2465,2465,0,0.00
875,111870,삼본전자,20200709,1310,1370,1305,1335,986876,+2.30
876,112040,위메이드,20200709,40500,41500,40050,40550,171193,+0.87
877,113810,디젠스,20200709,462,462,433,449,659999,-1.97
878,114120,크루셜텍,20200709,1750,1840,1750,1770,100802,+1.14
879,114190,강원,20200709,2500,2500,2500,2500,0,0.00
880,114450,KPX생명과학,20200709,6250,6280,6050,6100,73706,-3.17
881,114570,지스마트글로벌,20200709,620,620,620,620,0,0.00
882,114630,우노앤컴퍼니,20200709,3135,3165,3070,3090,32737,-1.44
883,114810,아이원스,20200709,7550,8190,7550,8130,679288,+8.11
884,115160,휴맥스,20200709,3200,3200,3150,3185,83861,-0.16
885,115180,큐리언트,20200709,23650,23650,22750,22900,118144,-2.14
886,115310,인포바인,20200709,17050,17300,17050,17200,1110,+0.58
887,115440,우리넷,20200709,10400,11050,10150,11050,782847,+7.28
888,115450,지트리비앤티,20200709,25150,25650,25000,25650,224550,+1.58
889,115480,씨유메디칼,20200709,2945,2965,2870,2905,439564,-0.51
890,115500,케이씨에스,20200709,4930,5070,4880,5070,168400,+4.43
891,115530,씨엔플러스,20200709,839,839,839,839,0,0.00
892,115570,스타플렉스,20200709,6490,6910,6440,6760,189847,+5.63
893,115610,이미지스,20200709,3650,4010,3640,3695,220401,0.00
894,115960,연우,20200709,17200,17200,16900,16950,36267,-0.29
895,117670,알파홀딩스,20200709,4285,4365,4260,4280,135416,+0.35
896,117730,티로보틱스,20200709,8250,8460,8160,8430,39484,+2.18
897,118990,모트렉스,20200709,3470,3510,3455,3490,320282,+0.72
898,119500,포메탈,20200709,3105,3120,3060,3105,332800,+1.31
899,119610,인터로조,20200709,23350,24100,23200,23900,92108,+2.58
900,119830,아이텍,20200709,6880,6880,6670,6780,125129,-1.45
901,119850,지엔씨에너지,20200709,4750,5950,4750,5750,6752799,+22.08
902,119860,다나와,20200709,29550,30250,29250,30200,135631,+2.37
903,120240,대정화금,20200709,19750,20650,19500,20300,819183,+3.31
904,121440,골프존뉴딘홀딩스,20200709,5160,5400,5100,5350,235195,+5.31
905,121600,나노신소재,20200709,28900,29300,27050,27850,2229236,-2.62
906,121800,비덴트,20200709,6330,6400,6190,6250,292333,+0.81
907,121850,코이즈,20200709,1200,1225,1165,1165,164346,-2.92
908,121890,에스디시스템,20200709,739,739,739,739,0,0.00
909,122310,제노레이,20200709,10100,10250,9890,10150,295020,+1.60
910,122350,삼기오토모티브,20200709,2990,3055,2915,2995,4232300,-1.16
911,122450,KMH,20200709,7580,7930,7570,7760,683938,+3.60
912,122640,예스티,20200709,6300,7180,6300,7090,423380,+13.26
913,122690,서진오토모티브,20200709,1715,1740,1700,1720,10595,+0.29
914,122870,와이지엔터테인먼트,20200709,40750,41750,39400,39600,719118,-1.98
915,122990,와이솔,20200709,13600,15250,13500,15250,5008449,+13.81
916,123010,아이에이네트웍스,20200709,1885,1930,1850,1910,409634,+1.33
917,123040,엠에스오토텍,20200709,5290,5340,5210,5250,688223,+0.96
918,123330,제닉,20200709,4245,4245,4120,4185,31961,-0.95
919,123410,코리아에프티,20200709,2690,2725,2675,2700,256654,+0.37
920,123420,선데이토즈,20200709,26800,27050,26500,26950,147917,+0.75
921,123570,이엠넷,20200709,3470,3475,3415,3455,79435,+0.29
922,123750,알톤스포츠,20200709,3385,3445,3295,3385,142555,+0.15
923,123840,한일진공,20200709,618,618,597,604,201023,-0.17
924,123860,아나패스,20200709,20300,21550,19950,21500,76908,+6.70
925,124500,아이티센,20200709,5230,5440,5210,5370,357549,+3.47
926,124560,태웅로직스,20200709,3435,3575,3400,3520,131471,+2.47
927,125210,아모그린텍,20200709,13900,14300,13700,14100,457939,+2.17
928,126600,코프라,20200709,3250,3290,3195,3200,76834,-1.54
929,126640,화신정공,20200709,1150,1150,1110,1120,488728,-2.18
930,126700,하이비젼시스템,20200709,9630,9940,9580,9750,374189,+1.67
931,126870,뉴로스,20200709,2540,2635,2535,2555,479025,+2.20
932,126880,제이엔케이히터,20200709,9150,9300,8650,8670,5559680,-1.81
933,127120,디엔에이링크,20200709,6100,6100,5820,6010,215021,-0.17
934,127160,매직마이크로,20200709,495,560,492,535,1162632,+7.00
935,127710,아시아경제,20200709,1515,1530,1495,1500,55140,-0.33
936,128540,에코캡,20200709,2285,2320,2280,2305,12359,+1.10
937,128660,피제이메탈,20200709,1940,1940,1895,1925,47749,+0.52
938,130500,GH신소재,20200709,3545,3620,3470,3565,244755,+1.28
939,130580,나이스디앤비,20200709,12500,12850,12300,12600,98139,+2.44
940,130740,티피씨글로벌,20200709,2080,2350,2080,2230,417436,+4.45
941,131030,디에이치피코리아,20200709,7690,7690,7550,7650,52336,-0.13
942,131090,시큐브,20200709,1845,1950,1820,1945,2357056,+6.58
943,131100,스카이이앤엠,20200709,2090,2090,2015,2050,188526,-1.91
944,131180,딜리,20200709,1540,1550,1485,1490,87274,-1.65
945,131220,대한과학,20200709,5420,5510,5350,5400,69427,0.00
946,131290,티에스이,20200709,30750,33000,30400,33000,187023,+8.91
947,131370,알서포트,20200709,7870,10100,7850,10100,54931868,+29.49
948,131390,피앤이솔루션,20200709,19500,19650,19000,19500,425830,+1.04
949,131400,액트,20200709,5470,5640,5430,5490,247679,-0.18
950,131760,파인텍,20200709,1765,1895,1730,1830,6414777,+4.57
951,131970,테스나,20200709,61800,65600,61100,64900,458890,+6.05
952,133750,메가엠디,20200709,3620,3745,3595,3745,836135,+3.31
953,134060,이퓨쳐,20200709,5870,5990,5800,5880,65304,-1.01
954,134580,디엠티,20200709,1730,1745,1690,1695,25927,-2.02
955,136480,하림,20200709,3010,3015,2950,2965,1017069,-1.82
956,136510,쎄미시스코,20200709,8990,9000,8600,8790,62342,-2.22
957,136540,윈스,20200709,16250,17050,16200,16850,339750,+4.01
958,137400,피엔티,20200709,14450,15200,14100,15000,1381547,+4.17
959,137940,넥스트아이,20200709,1325,1360,1285,1295,645272,-2.26
960,137950,제이씨케미칼,20200709,5340,5540,5310,5460,587678,+3.41
961,138070,신진에스엠,20200709,4460,4545,4405,4545,27076,+2.71
962,138080,오이솔루션,20200709,49350,49900,48350,49500,577747,+0.10
963,138360,에이씨티,20200709,4480,4480,4480,4480,0,0.00
964,138580,비즈니스온,20200709,15900,15900,15100,15450,73906,-1.59
965,138610,나이벡,20200709,13000,13250,12750,13100,115692,+0.77
966,138690,엘아이에스,20200709,9030,9100,8720,8860,31067,-1.88
967,139050,데일리블록체인,20200709,615,623,606,615,397855,+0.49
968,139670,키네마스터,20200709,13900,14800,12650,12950,505130,-5.47
969,140070,서플러스글로벌,20200709,2195,2195,2070,2135,149979,-1.39
970,140410,메지온,20200709,188800,188800,181000,183300,91656,-0.43
971,140520,대창스틸,20200709,2070,2090,2055,2080,16473,+0.48
972,140670,알에스오토메이션,20200709,7790,7910,7600,7910,57744,+2.59
973,140860,파크시스템스,20200709,51400,57600,50600,57000,182041,+11.11
974,141000,비아트론,20200709,10350,10400,10100,10150,285806,0.00
975,141020,포티스,20200709,108,108,108,108,0,0.00
976,141070,맥스로텍,20200709,1140,1145,1105,1130,279120,-0.44
977,141080,레고켐바이오,20200709,49000,49450,46650,46650,720014,-3.81
978,142210,유니트론텍,20200709,5940,6050,5890,6030,114585,+1.69
979,142280,녹십자엠에스,20200709,10250,11000,10200,10750,628263,+3.86
980,142760,바이오리더스,20200709,8000,8010,7790,7800,89594,-1.64
981,143160,아이디스,20200709,30250,30250,29500,30000,104932,-0.17
982,143240,사람인에이치알,20200709,24150,24650,23950,24650,26460,+2.28
983,143540,영우디에스피,20200709,1840,1840,1780,1805,317816,-1.10
984,144510,녹십자랩셀,20200709,50600,51100,49750,50300,114711,+0.20
985,144960,뉴파워프라즈마,20200709,6330,6780,6330,6500,1908566,+2.69
986,145020,휴젤,20200709,175100,176000,168700,173100,102432,-2.04
987,147760,마이크로프랜드,20200709,6680,6830,6300,6410,796512,-4.33
988,147830,제룡산업,20200709,4855,4900,4775,4815,35189,-1.03
989,148140,비디아이,20200709,7800,8060,7090,7090,6180038,-5.72
990,148150,세경하이테크,20200709,26550,27500,26500,27350,410898,+4.19
991,148250,알엔투테크놀로지,20200709,22700,23350,22000,22700,213785,+0.89
992,149940,모다,20200709,185,185,150,155,14546678,-40.38
993,149950,아바텍,20200709,7100,7100,6800,7020,3833,+0.29
994,149980,하이로닉,20200709,4700,4850,4685,4715,87477,+0.64
995,150840,인트로메딕,20200709,2345,2365,2240,2335,473846,+1.74
996,150900,파수,20200709,5260,5600,5170,5450,906023,+9.55
997,151860,KG ETS,20200709,4195,4305,4145,4285,1380976,+2.15
998,151910,나노스,20200709,3785,3790,3620,3715,136813,-0.93
999,153460,네이블,20200709,4760,4780,4670,4780,6201,+0.42
1000,153490,우리이앤엘,20200709,889,905,887,894,91840,+0.56
1001,153710,옵티팜,20200709,23450,26200,23400,24600,364329,+4.46
1002,154030,아시아종묘,20200709,4800,4875,4735,4740,222876,-0.73
1003,154040,솔루에타,20200709,2550,2625,2500,2570,115874,+0.98
1004,155650,와이엠씨,20200709,11250,11550,11100,11350,853727,+3.18
1005,156100,엘앤케이바이오,20200709,7460,7660,7280,7380,139531,-0.81
1006,158310,스타모빌리티,20200709,505,505,505,505,0,0.00
1007,158430,아톤,20200709,29200,30800,29200,30450,144588,+4.28
1008,159580,제로투세븐,20200709,7480,7510,7370,7420,42407,+0.68
1009,159910,스킨앤스킨,20200709,301,321,290,302,13591829,+5.59
1010,160550,NEW,20200709,6470,6520,6280,6480,831884,+1.25
1011,160600,이큐셀,20200709,310,310,310,310,0,0.00
1012,160980,싸이맥스,20200709,13100,14900,12900,14900,1640457,+15.50
1013,161570,THE MIDONG,20200709,1890,1925,1860,1920,14865,+2.67
1014,161580,필옵틱스,20200709,13900,14150,13500,13800,491738,+1.10
1015,166090,하나머티리얼즈,20200709,24750,25200,24300,25000,427197,+1.42
1016,166480,코아스템,20200709,16250,16950,15950,16650,125783,+1.52
1017,168330,내츄럴엔도텍,20200709,2525,2525,2525,2525,0,0.00
1018,169330,마크로밀엠브레인,20200709,11150,11200,10750,10800,222398,-1.82
1019,170030,현대공업,20200709,4230,4255,4180,4190,85786,-0.48
1020,170790,파이오링크,20200709,12900,13300,12700,12950,153858,+0.39
1021,170920,엘티씨,20200709,9500,10250,9340,9810,145300,+4.47
1022,171010,램테크놀러지,20200709,7690,7830,7520,7610,705654,+1.20
1023,171090,선익시스템,20200709,6310,6350,6200,6350,33197,+1.76
1024,171120,라이온켐텍,20200709,7950,8200,7900,7940,9202,0.00
1025,173130,오파스넷,20200709,6700,6850,6350,6600,27586,+1.07
1026,173940,에프엔씨엔터,20200709,6240,6330,6120,6230,50388,+1.14
1027,174880,장원테크,20200709,1485,1500,1440,1500,1068067,+0.67
1028,174900,앱클론,20200709,76600,76900,74700,75100,124840,-1.31
1029,175140,인포마크,20200709,6330,6700,6330,6440,21890,+0.78
1030,175250,아이큐어,20200709,48700,48750,45200,46250,739713,-4.84
1031,176440,에이치엔티,20200709,1920,1920,1920,1920,0,0.00
1032,177350,베셀,20200709,3175,3330,3155,3215,376219,+1.42
1033,177830,파버나인,20200709,5110,5220,5000,5080,142891,0.00
1034,178320,서진시스템,20200709,38150,40400,37200,38550,2311186,+0.13
1035,178780,유테크,20200709,3500,3590,3350,3430,276253,-2.00
1036,178920,PI첨단소재,20200709,28800,29300,28500,28950,135128,+1.05
1037,179290,엠아이텍,20200709,3820,3820,3700,3740,268505,-2.09
1038,179900,유티아이,20200709,16000,16550,15650,16250,289013,+2.85
1039,180400,캔서롭,20200709,7740,7740,7740,7740,0,0.00
1040,181340,이즈미디어,20200709,3145,3190,3110,3185,33231,+1.27
1041,182360,큐브엔터,20200709,4580,4635,4455,4500,1905193,-1.32
1042,182400,엔케이맥스,20200709,13200,13600,12900,13550,210179,+2.65
1043,182690,테라셈,20200709,2200,2700,2160,2665,3448083,+28.13
1044,183300,코미코,20200709,35650,36450,35500,36200,75803,+1.54
1045,183490,엔지켐생명과학,20200709,94700,94700,89900,92900,131964,-0.54
1046,184230,SGA솔루션즈,20200709,966,970,938,969,139812,+0.31
1047,185490,아이진,20200709,10150,10150,9750,9990,253251,-1.09
1048,186230,그린플러스,20200709,16400,17150,15800,16400,303461,+3.14
1049,187220,디티앤씨,20200709,6100,6150,6070,6140,21728,+1.15
1050,187270,신화콘텍,20200709,2630,2630,2570,2605,10281,+0.19
1051,187420,제노포커스,20200709,5300,5510,5300,5400,76072,+0.75
1052,187790,나노,20200709,1455,1480,1420,1455,145348,+0.34
1053,187870,디바이스이엔지,20200709,19900,20050,19050,19350,239953,-2.76
1054,189300,인텔리안테크,20200709,27000,27250,26550,26600,134093,+0.19
1055,189690,포시에스,20200709,7460,7620,7450,7550,35483,+0.94
1056,189860,서전기전,20200709,3365,3450,3300,3450,386204,+2.53
1057,189980,흥국에프엔비,20200709,1735,1745,1700,1700,94082,-1.16
1058,190510,나무가,20200709,14850,15800,14850,15550,116719,+4.71
1059,190650,코리아에셋투자증권,20200709,7510,7730,7410,7600,105742,+1.88
1060,191410,육일씨엔에쓰,20200709,3295,3490,3295,3375,42486,0.00
1061,191420,테고사이언스,20200709,29350,30450,28850,29700,267236,+2.06
1062,192250,케이사인,20200709,1335,1395,1315,1395,4433088,+3.72
1063,192390,윈하이텍,20200709,2760,2800,2695,2745,21287,+0.73
1064,192410,감마누,20200709,408,408,408,408,0,0.00
1065,192440,슈피겐코리아,20200709,71600,71600,67800,70300,155615,-1.26
1066,193250,와이제이엠게임즈,20200709,1390,1585,1380,1415,1418855,+1.80
1067,194480,데브시스터즈,20200709,9010,9400,8930,9360,27179,+4.00
1068,194510,파티게임즈,20200709,536,536,536,536,0,0.00
1069,194700,노바렉스,20200709,39200,39350,38000,38800,144110,-0.77
1070,195440,퓨전,20200709,2075,2075,2075,2075,0,0.00
1071,195500,마니커에프앤지,20200709,10300,10500,10250,10350,470257,0.00
1072,195990,에이비프로바이오,20200709,647,650,629,632,4388599,-2.32
1073,196170,알테오젠,20200709,296500,298800,289000,293900,289366,+0.27
1074,196300,애니젠,20200709,10800,10850,10400,10550,37421,-2.31
1075,196450,디오스텍,20200709,417,418,410,416,783117,+0.73
1076,196490,디에이테크놀로지,20200709,1335,1340,1295,1300,1571013,-2.26
1077,196700,웹스,20200709,1700,1850,1700,1735,1141167,+2.06
1078,197140,디지캡,20200709,3965,4005,3830,3880,45942,-2.27
1079,198080,엔피디,20200709,4800,4815,4680,4775,197674,+0.95
1080,198440,고려시멘트,20200709,3395,3680,3350,3410,4363018,+0.59
1081,200130,콜마비앤에이치,20200709,53400,55400,51800,52000,644241,-0.95
1082,200230,텔콘RF제약,20200709,5470,5510,5320,5330,2541165,-1.66
1083,200470,에이팩트,20200709,7220,7300,7150,7250,578286,0.00
1084,200670,휴메딕스,20200709,26450,27100,26200,27000,144310,+1.50
1085,200710,에이디테크놀로지,20200709,26050,28100,25850,27950,324707,+7.50
1086,200780,비씨월드제약,20200709,18150,18200,17800,17850,67720,-1.92
1087,201490,미투온,20200709,7710,8000,7050,7230,6051043,-3.98
1088,203450,유니온커뮤니티,20200709,2950,2955,2865,2870,163948,-3.04
1089,203650,드림시큐리티,20200709,3520,3600,3495,3555,2715733,+1.72
1090,203690,프로스테믹스,20200709,3405,3540,3405,3475,481339,+2.06
1091,204020,그리티,20200709,2560,2625,2560,2615,76996,+1.55
1092,204270,제이앤티씨,20200709,13900,14100,13650,13900,875267,0.00
1093,204620,글로벌텍스프리,20200709,2655,2675,2605,2670,146189,+1.52
1094,204630,화이브라더스코리아,20200709,3755,3830,3680,3790,280526,+0.93
1095,204840,지엘팜텍,20200709,962,999,961,996,580715,+4.29
1096,204990,코썬바이오,20200709,1225,1225,1225,1225,0,0.00
1097,205100,엑셈,20200709,3640,3925,3585,3830,5713832,+6.09
1098,205470,휴마시스,20200709,9950,9970,9650,9760,2888414,-1.21
1099,205500,액션스퀘어,20200709,1485,1650,1465,1640,998524,+11.19
1100,206400,엔터메이트,20200709,924,926,905,925,668225,+2.66
1101,206560,덱스터,20200709,5210,5260,5050,5110,275300,-1.73
1102,206640,바디텍메드,20200709,18250,18350,17600,17650,257027,-2.75
1103,206650,유바이오로직스,20200709,7760,7790,7560,7610,341121,-2.06
1104,207760,미스터블루,20200709,14500,14650,14100,14500,1416290,+1.05
1105,208140,정다운,20200709,2455,2555,2385,2540,3535497,+2.01
1106,208340,파멥신,20200709,25000,26350,23950,24000,409028,-5.70
1107,208350,지란지교시큐리티,20200709,5430,5430,5320,5370,13750,+0.94
1108,208370,셀바스헬스케어,20200709,2195,2195,2110,2115,46827,-2.08
1109,208640,썸에이지,20200709,780,794,765,772,250222,-0.13
1110,208710,바이오로그디바이스,20200709,1845,1855,1810,1835,651868,-1.34
1111,208860,엔지스테크널러지,20200709,5950,6150,5850,6040,140476,+1.17
1112,211270,AP위성,20200709,7800,8100,7800,8090,102107,+5.06
1113,212560,네오오토,20200709,4865,4930,4615,4625,65590,-6.38
1114,213090,미래테크놀로지,20200709,7980,8150,7960,7990,1686,-1.36
1115,213420,덕산네오룩스,20200709,35000,36400,34800,35600,241738,+2.45
1116,214150,클래시스,20200709,15050,15450,14900,15400,520650,+4.76
1117,214180,민앤지,20200709,14150,14600,14000,14550,126561,+3.93
1118,214260,라파스,20200709,25300,25600,24300,24900,204029,-0.40
1119,214270,퓨쳐스트림네트웍스,20200709,1080,1105,1075,1095,742120,+1.86
1120,214310,세미콘라이트,20200709,765,827,764,807,984220,+5.49
1121,214370,케어젠,20200709,66400,66400,63900,64100,42716,-1.54
1122,214430,아이쓰리시스템,20200709,21650,22050,21400,21650,75647,-0.23
1123,214450,파마리서치프로덕트,20200709,56700,58500,56700,58100,125083,+2.65
1124,214680,디알텍,20200709,1560,1580,1530,1555,713567,-1.58
1125,214870,뉴지랩,20200709,13100,13150,12750,12800,301738,-1.92
1126,215000,골프존,20200709,70600,72000,70500,71900,94664,+2.71
1127,215090,이디티,20200709,872,880,848,858,769274,-0.92
1128,215100,로보로보,20200709,5890,6450,5810,6180,11338029,+6.37
1129,215200,메가스터디교육,20200709,35500,35600,34700,34850,79095,-1.83
1130,215360,우리산업,20200709,18300,18900,18300,18650,81660,+2.19
1131,215380,우정바이오,20200709,9310,9340,9040,9210,1629214,-2.33
1132,215480,토박스코리아,20200709,1115,1120,1095,1100,315082,-0.90
1133,215600,신라젠,20200709,12100,12100,12100,12100,0,0.00
1134,215790,이노인스트루먼트,20200709,1750,1780,1700,1715,448199,-2.00
1135,216050,인크로스,20200709,32350,33250,31500,33250,150294,+2.31
1136,216080,제테마,20200709,27250,27300,25900,26100,155633,-4.22
1137,217190,제너셈,20200709,3415,3600,3375,3510,272601,+2.18
1138,217270,넵튠,20200709,7810,8240,7630,7730,552748,-1.65
1139,217330,싸이토젠,20200709,11900,12250,11600,12150,66047,+2.10
1140,217480,에스디생명공학,20200709,4250,4265,4100,4150,69134,-1.78
1141,217500,러셀,20200709,2140,2145,2040,2060,561431,-3.06
1142,217600,켐온,20200709,1425,1425,1395,1410,188937,-0.35
1143,217620,디딤,20200709,1205,1205,1150,1160,143470,-3.33
1144,217730,강스템바이오텍,20200709,8930,8960,8790,8800,387256,-1.46
1145,217820,엔에스,20200709,7440,7770,7410,7700,397801,+3.77
1146,218150,미래생명자원,20200709,3245,3275,3175,3185,205664,-2.45
1147,218410,RFHIC,20200709,40000,40000,38600,39300,639858,-0.25
1148,219130,타이거일렉,20200709,11500,12000,11050,11400,100709,-1.72
1149,219420,링크제니시스,20200709,7130,7400,7050,7380,183996,+4.09
1150,219550,MP한강,20200709,1145,1325,1140,1325,8064847,+17.78
1151,219750,지티지웰니스,20200709,5050,5450,5030,5440,670865,+7.30
1152,220100,퓨쳐켐,20200709,10450,10450,9940,9960,45543,-3.77
1153,220180,핸디소프트,20200709,3395,3435,3295,3420,42182,+1.48
1154,220260,켐트로스,20200709,3300,3340,3205,3210,800310,-1.98
1155,220630,해마로푸드서비스,20200709,2480,2485,2440,2485,261177,+0.40
1156,221610,자안,20200709,439,445,420,425,5421658,-4.06
1157,221840,하이즈항공,20200709,3895,3945,3830,3915,53247,+0.51
1158,221980,케이디켐,20200709,12050,12450,12050,12050,628,-0.82
1159,222040,코스맥스엔비티,20200709,7110,7420,7020,7130,686135,+0.56
1160,222080,씨아이에스,20200709,5330,5350,5210,5310,1980548,+0.19
1161,222110,팬젠,20200709,7260,7450,7130,7310,12610,+0.69
1162,222420,쎄노텍,20200709,2590,2625,2510,2530,1659716,-2.50
1163,222800,심텍,20200709,10900,12600,10850,12350,3556283,+14.35
1164,222810,한류AI센터,20200709,610,614,600,605,809737,-0.82
1165,222980,한국맥널티,20200709,6400,6470,6300,6340,74559,-0.31
1166,223250,드림씨아이에스,20200709,23550,23650,22800,23050,29654,-0.22
1167,223310,경남제약헬스케어,20200709,166,166,166,166,0,0.00
1168,224060,코디엠,20200709,285,285,273,280,3829799,-0.36
1169,224110,에이텍티앤,20200709,14250,16000,13550,15150,9537009,+14.34
1170,225190,삼양옵틱스,20200709,9060,9080,9010,9050,23909,-0.11
1171,225330,씨엠에스에듀,20200709,5230,5300,5180,5270,59375,+0.76
1172,225430,케이엠제약,20200709,3265,3330,3245,3280,302349,-0.61
1173,225530,보광산업,20200709,5000,5000,4890,4890,43370,-0.61
1174,225570,넷게임즈,20200709,9800,10200,9530,9530,462617,-2.06
1175,225590,패션플랫폼,20200709,1040,1050,1030,1030,48500,-0.96
1176,226330,신테카바이오,20200709,12900,13150,12700,13000,269622,+0.78
1177,226340,본느,20200709,2620,2620,2525,2580,289222,-0.39
1178,226350,아이엠텍,20200709,214,214,214,214,0,0.00
1179,226360,이엑스티,20200709,3390,3740,3345,3740,1406986,+10.98
1180,226400,오스테오닉,20200709,3390,3465,3320,3365,47646,-1.03
1181,226440,한송네오텍,20200709,1500,1515,1315,1350,4475402,-10.60
1182,226950,올릭스,20200709,46500,46750,44350,44550,133210,-4.19
1183,227100,디자인,20200709,10050,11700,9980,10950,440276,+10.05
1184,227610,아우딘퓨쳐스,20200709,4345,4420,4330,4375,6344,-0.57
1185,227950,마이크로텍,20200709,3345,3400,3190,3250,602859,-2.69
1186,228340,동양파일,20200709,2240,2380,2190,2245,102199,+2.05
1187,228670,레이,20200709,48400,52000,48100,51800,531845,+8.37
1188,228760,지노믹트리,20200709,16900,17200,16700,16850,144430,-1.17
1189,228850,레이언스,20200709,11300,11300,11150,11300,39362,+1.35
1190,229000,젠큐릭스,20200709,16450,16450,15950,16200,88405,+0.31
1191,230240,에치에프알,20200709,36050,36050,35100,35250,349943,-0.98
1192,230360,에코마케팅,20200709,38800,42400,38600,41450,670946,+6.83
1193,230980,솔트웍스,20200709,3055,3300,3055,3265,560952,+6.87
1194,232140,와이아이케이,20200709,4575,4575,4290,4295,1040984,-4.24
1195,234100,세원,20200709,5270,5490,5240,5400,951184,+2.66
1196,234300,에스트래픽,20200709,5500,5550,5320,5330,43203,-1.66
1197,234340,세틀뱅크,20200709,28600,29150,28050,28750,82129,+1.05
1198,234690,녹십자웰빙,20200709,11200,11500,11100,11250,168879,+0.90
1199,234920,자이글,20200709,3450,3500,3390,3430,32341,-0.58
1200,235980,메드팩토,20200709,57700,58500,56800,57400,191782,0.00
1201,236200,슈프리마,20200709,33000,33950,32450,33700,118438,+2.43
1202,237690,에스티팜,20200709,51100,51100,49600,50200,326568,-0.40
1203,237750,피앤씨테크,20200709,6150,6500,6140,6280,243175,+2.28
1204,237820,플레이디,20200709,13550,13750,13300,13400,184498,0.00
1205,237880,클리오,20200709,18850,19000,18550,18550,76080,-1.33
1206,238090,앤디포스,20200709,3380,3420,3335,3390,311751,+0.30
1207,238120,로고스바이오,20200709,18600,18700,17500,17950,102213,-2.97
1208,238200,비피도,20200709,19600,19800,19500,19550,9392,-0.51
1209,238490,힘스,20200709,14000,14000,13250,13450,99988,+1.13
1210,239340,줌인터넷,20200709,4305,4485,4250,4460,886453,+3.72
1211,239610,에이치엘사이언스,20200709,60100,60900,59100,60200,69798,+0.84
1212,240810,원익IPS,20200709,34600,35000,34300,34500,366421,+0.58
1213,241520,DSC인베스트먼트,20200709,2890,2930,2850,2910,99277,+1.75
1214,241690,유니테크노,20200709,9660,9780,9500,9660,13003,-0.41
1215,241710,코스메카코리아,20200709,12500,12850,12350,12350,93290,-1.59
1216,241770,메카로,20200709,12650,12850,12450,12650,59393,+1.20
1217,241790,오션브릿지,20200709,22450,22750,21000,21050,413412,-4.97
1218,241820,피씨엘,20200709,13950,14600,13750,14600,264585,+5.42
1219,241840,에이스토리,20200709,7830,7920,7600,7670,204921,-1.54
1220,242040,나무기술,20200709,3440,3745,3440,3735,2717628,+8.58
1221,243070,휴온스,20200709,58100,59600,57100,59300,142186,+1.19
1222,243840,신흥에스이씨,20200709,43850,44350,42600,43700,166425,+0.11
1223,244460,올리패스,20200709,18000,18250,17450,17500,146162,-2.51
1224,245620,EDGC,20200709,11750,11800,11450,11550,742000,-1.28
1225,246690,TS인베스트먼트,20200709,2375,2550,2375,2535,558204,+6.74
1226,246710,티앤알바이오팹,20200709,11250,11500,11250,11350,68750,0.00
1227,246720,아스타,20200709,4030,4375,3800,4050,54975,+0.75
1228,246960,이노테라피,20200709,9750,9940,9590,9900,16725,+1.54
1229,247540,에코프로비엠,20200709,134900,137900,132500,137800,508753,+2.15
1230,250000,보라티알,20200709,8400,8400,8240,8300,7911,+0.36
1231,250060,모비스,20200709,2830,3000,2775,2880,7333690,+1.95
1232,250930,예선테크,20200709,2050,2085,2030,2035,143679,-0.49
1233,251370,와이엠티,20200709,34350,35650,34350,35450,145376,+3.20
1234,251630,브이원텍,20200709,7780,7820,7660,7730,134204,0.00
1235,251970,펌텍코리아,20200709,16500,16850,16300,16700,74610,+0.60
1236,252500,세화피앤씨,20200709,5520,5550,5220,5400,581492,-2.70
1237,253450,스튜디오드래곤,20200709,93600,93700,90900,91200,397678,-1.41
1238,253590,네오셈,20200709,2525,2540,2460,2530,217409,+0.20
1239,253840,수젠텍,20200709,27150,27150,26500,26850,546756,0.00
1240,254120,자비스,20200709,1750,1815,1740,1770,469697,+0.57
1241,255220,SG,20200709,2340,2345,2270,2310,471008,-1.28
1242,255440,야스,20200709,13950,14000,13700,13700,44297,-1.44
1243,256150,한독크린텍,20200709,20400,20650,19650,19700,41690,-2.48
1244,256630,포인트엔지니어링,20200709,3350,3430,3200,3275,313201,-2.67
1245,256840,한국비엔씨,20200709,2950,2975,2860,2915,1296577,-1.19
1246,256940,케이피에스,20200709,13250,13450,12700,12800,444544,-4.83
1247,257370,명성티엔에스,20200709,16400,16450,16050,16350,434140,+0.93
1248,258610,이더블유케이,20200709,4540,4800,4460,4680,332882,+3.08
1249,258790,소프트캠프,20200709,1740,1910,1740,1845,1437394,+6.65
1250,258830,세종메디칼,20200709,9800,9800,9580,9610,120953,-2.44
1251,259630,엠플러스,20200709,20500,21700,20100,21700,180418,+6.11
1252,260660,알리코제약,20200709,13950,14050,13650,13850,105045,-0.72
1253,260930,씨티케이코스메틱스,20200709,13800,13850,13300,13400,6392,-0.37
1254,261200,덴티스,20200709,2130,2130,2055,2065,1299313,-1.67
1255,263020,디케이앤디,20200709,4715,4790,4690,4735,8643,+0.42
1256,263050,유틸렉스,20200709,72000,72400,70300,70600,69669,-1.94
1257,263540,샘코,20200709,2015,2015,2015,2015,0,0.00
1258,263600,덕우전자,20200709,8530,8530,8260,8330,281105,-0.24
1259,263690,디알젬,20200709,18700,19850,17900,18200,1117280,-1.62
1260,263700,케어랩스,20200709,22300,22300,21200,21200,494382,-3.20
1261,263720,디앤씨미디어,20200709,33800,35800,33800,35000,170127,+4.63
1262,263750,펄어비스,20200709,217500,223400,217400,222000,54907,+2.12
1263,263770,유에스티,20200709,3740,3825,3720,3770,63675,0.00
1264,263800,데이타솔루션,20200709,6470,8430,6400,8430,21569422,+29.89
1265,263810,상신전자,20200709,3560,3560,3405,3435,500690,-1.43
1266,263860,지니언스,20200709,4950,4950,4875,4930,11033,0.00
1267,263920,블러썸엠앤씨,20200709,4555,4555,4555,4555,0,0.00
1268,264450,유비쿼스,20200709,43600,44700,42700,43700,427617,+4.05
1269,264660,씨앤지하이테크,20200709,9120,9400,9020,9260,399814,+2.09
1270,264850,이랜시스,20200709,1890,1910,1840,1865,48476,-1.32
1271,265520,AP시스템,20200709,24500,24800,24300,24550,175305,+1.03
1272,265560,영화테크,20200709,17400,17900,16500,17300,818481,-0.57
1273,267320,나인테크,20200709,2030,2070,1950,2015,2021496,+6.61
1274,267790,배럴,20200709,10000,10050,9950,9980,23391,0.00
1275,267980,매일유업,20200709,78900,79100,78100,78800,26381,-0.38
1276,268600,셀리버리,20200709,98700,105300,98000,100500,581049,+2.87
1277,269620,시스웍,20200709,2320,2410,2285,2310,350158,-0.43
1278,270520,지엔원에너지,20200709,2600,2890,2500,2795,3954493,+10.47
1279,270870,뉴트리,20200709,29100,29600,28500,29000,212743,+0.69
1280,272110,케이엔제이,20200709,10500,10650,10200,10500,98544,0.00
1281,272290,이녹스첨단소재,20200709,43950,44700,43100,44500,65624,+3.37
1282,273060,엔에이치스팩12호,20200709,2150,2185,2130,2160,102454,+0.70
1283,274090,켄코아에어로스페이스,20200709,8920,9050,8850,8990,46120,+0.45
1284,275630,에스에스알,20200709,5560,5720,5530,5640,39744,+1.62
1285,277070,린드먼아시아,20200709,4870,4965,4795,4940,84448,+2.70
1286,277410,인산가,20200709,1675,1690,1660,1685,132782,+0.90
1287,277480,신한제4호스팩,20200709,2035,2035,2020,2030,93138,0.00
1288,278280,천보,20200709,98500,99600,97000,99600,202046,+2.15
1289,278650,노터스,20200709,28000,28400,27400,27500,191439,-1.61
1290,279600,미디어젠,20200709,6280,6300,6180,6300,26541,+1.45
1291,281410,한국제6호스팩,20200709,2040,2040,2040,2040,4093,0.00
1292,281740,레이크머티리얼즈,20200709,2170,2370,2145,2315,5968396,+8.18
1293,282880,코윈테크,20200709,24050,25000,23900,24650,152849,+2.07
1294,284620,카이노스메드,20200709,5250,5450,5190,5310,1677777,+0.19
1295,285490,노바텍,20200709,19950,20050,19550,19650,69434,-1.01
1296,286750,나노브릭,20200709,13900,14000,13600,13800,18174,-0.72
1297,287410,유안타제3호스팩,20200709,2030,2030,2025,2030,20995,-0.25
1298,288330,브릿지바이오테라퓨틱스,20200709,42700,42700,41700,42000,52730,-0.47
1299,288620,에스퓨얼셀,20200709,44800,46700,42950,44300,840693,+3.26
1300,289010,아이스크림에듀,20200709,8410,8580,8320,8570,191074,+2.02
1301,289080,SV인베스트먼트,20200709,3815,3895,3710,3740,3299155,-1.97
1302,290120,대유에이피,20200709,5670,5930,5650,5920,77112,+4.41
1303,290270,휴네시온,20200709,5300,5670,5180,5510,389949,+4.75
1304,290380,대유,20200709,14800,15800,14700,14800,459479,-0.34
1305,290510,코리아센터,20200709,15800,15800,15350,15600,267996,-1.89
1306,290520,신도기연,20200709,21750,23100,21600,21750,1349065,+2.11
1307,290550,디케이티,20200709,15450,16350,15350,16050,570025,+7.00
1308,290650,엘앤씨바이오,20200709,108100,108100,103500,106000,86687,-1.94
1309,290660,네오펙트,20200709,5230,5620,5150,5470,752633,+3.21
1310,290670,대보마그네틱,20200709,33250,35350,32250,34300,691137,+7.36
1311,290720,푸드나무,20200709,26050,26500,24900,26400,69789,+1.54
1312,290740,액트로,20200709,9170,9510,9130,9510,196929,+4.51
1313,291210,한국제7호스팩,20200709,2070,2070,2070,2070,0,0.00
1314,291230,삼성스팩2호,20200709,2000,2015,2000,2000,43019,-0.25
1315,293580,나우IB,20200709,6130,6200,6040,6130,57222,-0.97
1316,293780,압타바이오,20200709,30500,30850,29700,29900,212863,-1.81
1317,294140,레몬,20200709,16100,16350,15750,16150,449384,+0.31
1318,294630,서남,20200709,3640,3670,3425,3530,616167,+0.71
1319,297090,씨에스베어링,20200709,16800,20850,16800,18850,8121240,+10.56
1320,297570,알로이스,20200709,2110,2140,2090,2120,184461,0.00
1321,297890,엘이티,20200709,18600,18600,17900,17900,117829,-3.24
1322,298060,에스씨엠생명과학,20200709,24350,27800,23750,26350,1317136,+9.11
1323,298380,에이비엘바이오,20200709,28500,28950,27500,27550,1603645,-3.84
1324,299170,IBKS제10호스팩,20200709,2085,2085,2085,2085,0,0.00
1325,299660,셀리드,20200709,27600,27950,26350,26600,230681,-3.27
1326,299900,위지윅스튜디오,20200709,4645,4645,4400,4435,624136,-3.17
1327,299910,베스파,20200709,13500,13500,12900,13450,41596,-0.37
1328,300080,플리토,20200709,13600,13750,13250,13250,63645,-2.21
1329,300120,라온피플,20200709,24800,25400,24550,25400,246254,+4.53
1330,302430,이노메트리,20200709,19000,20300,18900,20200,398408,+5.76
1331,302550,리메드,20200709,30900,31450,29650,29700,132951,-3.73
1332,303030,지니틱스,20200709,2760,2865,2740,2860,1417275,+3.81
1333,305090,마이크로디지탈,20200709,16700,17050,15950,16950,84860,+0.30
1334,306040,에스제이그룹,20200709,19050,19550,18900,19150,39830,-0.26
1335,306620,네온테크,20200709,2960,3030,2920,3030,321027,+3.41
1336,307070,SK4호스팩,20200709,2020,2020,2010,2015,8959,+0.25
1337,307160,하나머스트제6호스팩,20200709,2160,2160,2120,2140,43977,-0.23
1338,307180,아이엘사이언스,20200709,2955,2970,2880,2950,376118,+1.03
1339,307280,교보8호스팩,20200709,2015,2035,2015,2035,1559,0.00
1340,307750,대신밸런스제6호스팩,20200709,2060,2060,2060,2060,0,0.00
1341,307870,상상인이안1호스팩,20200709,2005,2005,2000,2005,45602,0.00
1342,307930,컴퍼니케이,20200709,7530,7610,7310,7310,86993,-2.92
1343,308100,까스텔바작,20200709,11950,12100,11700,11850,74987,0.00
1344,309930,삼성머스트스팩3호,20200709,2150,2170,2125,2165,121835,+0.93
1345,310200,애니플러스,20200709,1620,1630,1595,1620,41322,0.00
1346,310840,엔에이치스팩13호,20200709,2060,2060,2060,2060,0,0.00
1347,310870,한국제8호스팩,20200709,2005,2020,2000,2000,18279,-0.99
1348,311270,키움제5호스팩,20200709,2005,2025,2005,2005,810,-0.99
1349,311390,네오크레마,20200709,7550,7650,7500,7580,39193,+0.40
1350,311690,천랩,20200709,40250,42600,39900,41300,84813,+1.85
1351,312610,에이에프더블류,20200709,12300,12500,12000,12400,63324,+1.22
1352,313750,유안타제4호스팩,20200709,2000,2005,2000,2000,13900,-0.50
1353,313760,윌링스,20200709,11850,13150,11700,12650,487179,+8.58
1354,317030,케이비17호스팩,20200709,2015,2030,2010,2010,12493,-0.99
1355,317120,라닉스,20200709,7980,8180,7930,8050,349183,+1.39
1356,317240,하이제4호스팩,20200709,2040,2040,2040,2040,0,0.00
1357,317320,한화에스비아이스팩,20200709,2855,2900,2850,2870,99652,+0.70
1358,317330,덕산테코피아,20200709,13400,13900,13300,13850,173336,+4.92
1359,317530,캐리소프트,20200709,4285,4305,4130,4160,64340,-1.89
1360,317770,슈프리마아이디,20200709,15850,15900,15600,15850,6951,0.00
1361,317830,에스피시스템스,20200709,6080,6220,6000,6200,52745,+2.31
1362,317850,대모,20200709,5250,5340,5170,5220,47717,-0.76
1363,317870,엔바이오니아,20200709,6740,6880,6650,6770,80401,-0.73
1364,318000,한국바이오젠,20200709,6940,7280,6910,6950,411402,+0.58
1365,318010,팜스빌,20200709,13750,14300,13650,14100,223877,+2.92
1366,319400,엔에이치스팩14호,20200709,2000,2010,2000,2005,31008,-0.25
1367,319660,피에스케이,20200709,27200,27200,26400,26900,309938,+0.56
1368,320000,하나금융13호스팩,20200709,2990,2990,2875,2965,76006,+0.85
1369,321260,유진스팩4호,20200709,2000,2015,2000,2005,4653,0.00
1370,321550,티움바이오,20200709,14750,14800,14350,14350,279123,-2.38
1371,322180,티라유텍,20200709,15750,15850,15450,15600,46510,0.00
1372,322510,제이엘케이,20200709,6800,7050,6790,6910,115430,+0.58
1373,322780,DB금융스팩7호,20200709,2040,2040,2040,2040,0,0.00
1374,323210,이베스트이안스팩1호,20200709,2005,2015,2005,2010,2626,-0.25
1375,323230,신한제5호스팩,20200709,2010,2010,2010,2010,0,0.00
1376,323280,신영스팩5호,20200709,2015,2140,2015,2035,28322,+0.99
1377,323940,케이비제18호스팩,20200709,2000,2010,2000,2005,19785,0.00
1378,327260,메탈라이프,20200709,22650,23600,22350,22650,390346,+5.35
1379,328380,미래에셋대우스팩3호,20200709,2000,2010,1995,2005,25447,0.00
1380,329560,상상인이안제2호스팩,20200709,2000,2000,1990,2000,13065,-0.25
1381,330350,위더스제약,20200709,25800,26800,25800,25850,264206,-0.19
1382,330990,케이비제19호스팩,20200709,2000,2025,2000,2015,1162,-0.49
1383,331380,유진스팩5호,20200709,2000,2035,1995,2000,6610,0.00
1384,331520,교보9호스팩,20200709,2000,2015,2000,2000,669,-0.50
1385,332290,대신밸런스제7호스팩,20200709,2000,2010,1995,2010,10127,-0.25
1386,332710,하나금융14호스팩,20200709,2025,2035,2025,2030,9730,0.00
1387,333050,신한제6호스팩,20200709,2000,2015,2000,2005,5011,-0.25
1388,333430,미래에셋대우스팩4호,20200709,2000,2010,2000,2005,1131,-0.50
1389,335870,IBKS제12호스팩,20200709,2100,2100,2080,2085,5228,-1.18
1390,335890,IBKS제11호스팩,20200709,2055,2055,2055,2055,0,0.00
1391,336060,유안타제5호스팩,20200709,1990,2000,1990,2000,103,0.00
1392,336570,대신밸런스제8호스팩,20200709,2000,2000,1995,2000,12333,0.00
1393,337450,SK5호스팩,20200709,2005,2010,2005,2010,2095,+0.25
1394,339950,엔에이치스팩15호,20200709,2070,2070,2050,2070,28018,0.00
1395,340120,하이제5호스팩,20200709,2000,2000,2000,2000,10792,-0.50
1396,340350,SK6호스팩,20200709,2000,2000,1990,1995,12040,0.00
1397,340360,유안타제6호스팩,20200709,2000,2000,1990,1995,9003,0.00
1398,340440,한화플러스제1호스팩,20200709,1995,2010,1995,1995,1120,-0.75
1399,341160,하나금융15호스팩,20200709,2035,2040,2035,2040,4984,-0.24
1400,342550,케이비제20호스팩,20200709,1990,2000,1985,2000,43304,-0.25
1401,344050,신영스팩6호,20200709,2000,2010,2000,2005,2286,0.00
1402,347140,케이프이에스제4호,20200709,2020,2045,2020,2025,1690,-0.74
1403,349720,이베스트스팩5호,20200709,1985,1995,1985,1985,67743,-0.50
1404,351320,IBKS제14호스팩,20200709,2025,2040,2025,2030,6522,0.00
1405,353190,엔에이치스팩16호,20200709,2000,2005,2000,2005,8670,0.00
1406,353810,이지바이오,20200709,53400,55000,52300,53500,75099,-0.37
1407,950110,SBI핀테크솔루션즈,20200709,7280,7290,7160,7250,16836,+0.55
1408,950170,JTC,20200709,4455,4495,4405,4455,44198,0.00
1409,950180,SNK,20200709,15350,15350,14800,15050,111651,-1.63
1410,950130,엑세스바이오,20200709,3260,3620,3230,3365,3639460,+7.85
1411,950140,잉글우드랩,20200709,4845,4850,4775,4795,31770,-0.83
1412,950160,코오롱티슈진,20200709,8010,8010,8010,8010,0,0.00
1413,900280,골든센츄리,20200709,269,274,265,269,672983,+1.13
1414,900120,씨케이에이치,20200709,231,240,228,235,402824,+2.17
1415,900250,크리스탈신소재,20200709,1745,1890,1745,1845,23127631,+5.13
1416,900070,글로벌에스엠,20200709,566,583,566,568,91997,+0.35
1417,900100,뉴프라이드,20200709,717,717,717,717,0,0.00